,uid,first_name,last_name,sdn_type,program,aka1_uid,aka1_first_name,aka1_last_name,aka1_type,aka1_category,aka2_uid,aka2_first_name,aka2_last_name,aka2_type,aka2_category,DOB_uid,DOB,DOB_main_entry,POB_uid,POB,POB_main_entry,address_uid,city,state_or_province,country
0,9639,Ismail Abdul Salah,HANIYA,Individual,NS-PLC,9150,Ismail,HANIYA,a.k.a.,strong,9151,Ismaeel,HANIYYA,a.k.a.,strong,4696,1962,true,4697,Shati,true,,,,
1,9640,Mohammed,ABU TEIR,Individual,NS-PLC,9152,Mohammed Mahmud,ABU TAIR,a.k.a.,strong,9153,Mohammad Mahmoud,ABOU TAYR,a.k.a.,strong,4698,1951,true,4699,Umm Tuba,true,,,,
2,9641,Jamileh Abdullah,AL-SHANTI,Individual,NS-PLC,9154,Jameela Abdallah,EL-SHANTI,a.k.a.,strong,9155,Jamila Abed Allah,AL SHANTEE,a.k.a.,strong,4700,1955,true,4701,Jabalia Camp,true,12128,,Gaza,Palestinian
3,9642,Mohammed Jamal,NU'MAN ALAEDDIN,Individual,NS-PLC,9156,Mohamad Nouman,ALA AL DIN,a.k.a.,strong,9157,Mohammed,AL NATSHEH,a.k.a.,strong,4702,1959,true,,,,12129,Hebron,West Bank,Palestinian
4,9643,Yasser Daoud,MANSOUR,Individual,NS-PLC,,,,,,,,,,,4703,1967,true,4704,"Nablus, West Bank",true,,,,
5,9644,Khalil Musa,RABAI,Individual,NS-PLC,9158,Khalil Mussa,RABBAI,a.k.a.,strong,,,,,,4705,1959,true,,,,,,,
6,9645,Huda Naim,AL-QREINAWI,Individual,NS-PLC,9159,Houda Naim,AL QRENAWI,a.k.a.,strong,,,,,,4706,1969,true,,,,12130,,Gaza,Palestinian
7,9646,Mahmoud Ahmad,AL-RAMAHI,Individual,NS-PLC,,,,,,,,,,,4707,1963,true,,,,12131,Ramallah,West Bank,Palestinian
8,9647,Mahmoud Khaled,ZAHHAR,Individual,NS-PLC,9160,Mahmoud Khaled,AL ZAHAR,a.k.a.,strong,71276,,"ZAHAR, Mahmoud",a.k.a.,weak,4708,1945,true,66815,Gaza Strip,true,68713,,,Region: Gaza
9,9648,Abdul Fattah,HASAN DUKHAN,Individual,NS-PLC,9161,Abdul Fattah,HASAN DOUKHAN,a.k.a.,strong,,,,,,4709,1936,true,,,,,,,
10,9649,Ibrahim Mohammed,DAHBOUR,Individual,NS-PLC,,,,,,,,,,,4710,1968,true,,,,12132,Jenin,West Bank,Palestinian
11,9650,Mariam Mahmoud,SALEH,Individual,NS-PLC,,,,,,,,,,,4711,1952,true,,,,12133,Ramallah,West Bank,Palestinian
12,9651,Fathi Mohammed,QAR'AWI,Individual,NS-PLC,9162,Mohammed Fathi,QARAWI,a.k.a.,strong,,,,,,4712,1958,true,4713,"Ramin, West Bank",true,12134,Tulkarim,West Bank,Palestinian
13,9652,Anwar Mohammed,ZBOUN,Individual,NS-PLC,9163,Anwar Muhammad,AL-ZBOUN,a.k.a.,strong,,,,,,4714,1968,true,4715,Ilar,true,12135,Bethlehem,West Bank,Palestinian
14,9653,Imad Mahmoud,NOFAL,Individual,NS-PLC,9164,Imad Mahmoud,NAWFAL,a.k.a.,strong,,,,,,4716,1970,true,,,,12136,Qalqilya,West Bank,Palestinian
15,9654,Omar Mahmoud,MATAR,Individual,NS-PLC,,,,,,,,,,,4717,1958,true,,,,12137,Salfit,West Bank,Palestinian
16,9655,Muna Salim Saleh,MANSOUR,Individual,NS-PLC,9165,Muna Salem,MANSOUR,a.k.a.,strong,,,,,,4718,1961,true,,,,12138,Nablus,West Bank,Palestinian
17,9656,Yahia Abdul Aziz,AL-ABADSAH,Individual,NS-PLC,9166,Yehia Abdul Aziz,EL ABADSA,a.k.a.,strong,,,,,,4719,1958,true,,,,12139,Khan Younis,West Bank,Palestinian
18,9657,Mohammed Maher Yousef,BADER,Individual,NS-PLC,,,,,,,,,,,4720,1956,true,,,,12140,Hebron,West Bank,Palestinian
19,9658,Ayman Hussein,DARAGHMEH,Individual,NS-PLC,,,,,,,,,,,4721,1963,true,,,,12141,Tubas,West Bank,Palestinian
20,9659,Fathi Ahmad Mohammad,HAMMAD,Individual,NS-PLC,32437,Fathi Ahmad,HAMMAD,a.k.a.,strong,32438,Fathy Ahmed,HAMAD,a.k.a.,strong,4722,1961,true,21061,"Jabaliya, Gaza Strip",true,31130,Jabaliya,,Region: Gaza
21,9660,Mariam Mohammed,FARHAT,Individual,NS-PLC,,,,,,,,,,,4723,1949,true,,,,12142,,Gaza,Palestinian
22,9661,Sayyed Salem,ABU MSAMEH,Individual,NS-PLC,9167,Sayed Salem,ABU MUSAMEH,a.k.a.,strong,,,,,,4724,1948,true,,,,12143,Rafah,West Bank,Palestinian
23,9662,Marwan Mohammed,ABU RAS,Individual,NS-PLC,9168,Merwan Muhammed,ABOU RAAS,a.k.a.,strong,,,,,,4725,1958,true,,,,12144,Gaza City,Gaza,Palestinian
24,9663,Samira Abdullah,HALAYQAH,Individual,NS-PLC,9169,Sameera Abed Allah,HALAYQA,a.k.a.,strong,,,,,,4726,1964,true,,,,12145,Hebron,West Bank,Palestinian
25,9664,Jamal Ismail,ISKEIK,Individual,NS-PLC,,,,,,,,,,,4727,1964,true,,,,12146,,Gaza,Palestinian
26,9665,Ali Salim,ROUMANIN,Individual,NS-PLC,,,,,,,,,,,4728,1971,true,,,,12147,Oja,West Bank,Palestinian
27,9666,Ahmad Yousef,ABU HALABIYYE,Individual,NS-PLC,,,,,,,,,,,4729,1952,true,,,,12148,Gaza City,Gaza,Palestinian
28,9667,Abdul Jaber Mustafa,FUQAHA,Individual,NS-PLC,,,,,,,,,,,4730,1966,true,,,,12149,Ramallah,West Bank,Palestinian
29,9668,Aziz,DWEIK,Individual,NS-PLC,9170,Aziz Salem Mustada,DWAIK,a.k.a.,strong,,,,,,4731,1948,true,4732,"Al-Khalil, Hebron",true,,,,
30,9669,Azzam,SALHAB,Individual,NS-PLC,9171,Azzam Numan Rahman,SALHAB,a.k.a.,strong,9172,Azzam No'man Abdel Rahman,SALHAB TAMIMI,a.k.a.,strong,4733,1956,true,,,,,,,
31,9670,Nizar,RAMADAN,Individual,NS-PLC,9173,Nizar Abd-Al-Aziz,RAMADAN,a.k.a.,strong,,,,,,4734,1960,true,,,,,,,
32,9671,Nayef,RJOUB,Individual,NS-PLC,9174,Naif Mahmod,RAJOUB,a.k.a.,strong,,,,,,4735,1958,true,4736,"Dura, West Bank",true,,,,
33,9672,Samir,AL-QADI,Individual,NS-PLC,9175,Sameer Saleh,AL-QADI,a.k.a.,strong,,,,,,4737,1956,true,,,,,,,
34,9673,Mohammed,ABU JHEISHEH,Individual,NS-PLC,9176,Mohammad Mutlaq,ABU JHESHEH,a.k.a.,strong,9177,Mohammed,ABU JEHEISHA,a.k.a.,strong,4738,1955,true,4739,"Izna, Hebron",true,,,,
35,9674,Hatem,QFEISHEH,Individual,NS-PLC,9178,Hatem Rabah,KAFEESHEH,a.k.a.,strong,9179,Hatem,QEFEISHA,a.k.a.,strong,4740,1960,true,,,,,,,
36,9675,Basem,ZA'ARIR,Individual,NS-PLC,9181,Basim Ahmad,ZAAREER,a.k.a.,strong,,,,,,4741,1962,true,,,,,,,
37,9676,Mohammed,AL-TAL,Individual,NS-PLC,9182,Mohammad Ismail,AL-TAL,a.k.a.,strong,,,,,,4742,1965,true,,,,,,,
38,9677,Daoud,ABU SEIR,Individual,NS-PLC,9183,Da'oud Kamal Da'oud,ABU SAIR,a.k.a.,strong,,,,,,4743,1955,true,,,,,,,
39,9678,Hamid Jabir,KHUDAIR,Individual,NS-PLC,9184,Hamid Sulieman Jabir,KHUDAIR,a.k.a.,strong,,,,,,4744,1944,true,,,,,,,
40,9679,Husni Bourini,YASIN,Individual,NS-PLC,9185,Husni Mohammad Bourini,YASIN,a.k.a.,strong,,,,,,4745,1955,true,,,,,,,
41,9680,Riyad Ali,AMLI,Individual,NS-PLC,9186,Riyad Ali Mustafa,AMLI,a.k.a.,strong,,,,,,4746,1961,true,,,,,,,
42,9681,Ahmad Ali,AHMAD,Individual,NS-PLC,9187,Ahmad Ali Ahmad,AHMAD,a.k.a.,strong,,,,,,4747,1940,true,,,,,,,
43,9682,Hasan,YOUSEF,Individual,NS-PLC,9188,Hasan Youssef Daoud,DAR KHALIL,a.k.a.,strong,9189,Hassan Yousef Dawoud,DAR KHALIL,a.k.a.,strong,,,,,,,,,,
44,9683,Fadel,HAMDAN,Individual,NS-PLC,9190,Fadel Mohammad Saleh,HAMDAN,a.k.a.,strong,,,,,,4748,1953,true,4749,"Ramallah, West Bank",true,,,,
45,9684,Mahmoud,MUSLEH,Individual,NS-PLC,9191,Mahmoud Ibrahim Mahmoud,MUSLEH,a.k.a.,strong,,,,,,4750,1941,true,4751,"Haifa, Israel",true,,,,
46,9685,Ahmad 'Abd al-Aziz,MUBARAK,Individual,NS-PLC,9192,Ahmad Abdel Aziz Saleh,MUBARAK,a.k.a.,strong,,,,,,4752,1962,true,,,,,,,
47,9686,Khaled Tafish,THWEIB,Individual,NS-PLC,9193,Khaled Ibrahim Tafish,THOUAIB,a.k.a.,strong,9194,Khaled Tafesh,DWEIB,a.k.a.,strong,4753,1964,true,4754,Bethlehem,true,,,,
48,9687,Mahmoud,AL-KHATIB,Individual,NS-PLC,9195,Mahmoud Daoud Mahmoud,AL-KHATIB,a.k.a.,strong,,,,,,4755,1972,true,,,,,,,
49,9688,Khaled Abed,YAHIA,Individual,NS-PLC,9196,Khaled Said,YEHIA,a.k.a.,strong,,,,,,4756,1959,true,,,,12150,Jenin,West Bank,Palestinian
50,9689,Khaled,ABU HASSAN,Individual,NS-PLC,9197,Khaled Suleiman Fayez,ABOU HASSAN,a.k.a.,strong,9198,Khalid Sulayman Fayiz,ABU HASAN,a.k.a.,strong,4757,1967,true,,,,,,,
51,9690,Abdul Rahman Fahmi,ZEIDAN,Individual,NS-PLC,9199,Abdel Rahman Fahmi Rahman,ZEIDAN,a.k.a.,strong,,,,,,4758,1960,true,,,,,,,
52,9691,Riyad,RADDAD,Individual,NS-PLC,9200,Riyad Mahmoud Sa'eed,RADAD,a.k.a.,strong,9201,Riyad Radad,AL-SEDAWI,a.k.a.,strong,4759,1960,true,,,,,,,
53,9692,Ahmad,ATTOUN,Individual,NS-PLC,9202,Ahmad Mohammad Ahmad,ATTOUN,a.k.a.,strong,9203,Ahmed Muhamad Ahmed,ATOON,a.k.a.,strong,4760,1968,true,,,,,,,
54,9693,Ibrahim,ABU SALEM,Individual,NS-PLC,9204,Ibrahim Said Hasan,ABOU SALEM,a.k.a.,strong,,,,,,4761,1948,true,,,,,,,
55,9694,Mohammed Saleh,TUTAH,Individual,NS-PLC,9205,Mohammad Omran Saleh,TAWTAH,a.k.a.,strong,9206,Muhamed Umran Salih,TAWTA,a.k.a.,strong,4762,1969,true,,,,,,,
56,9695,Wael,AL-HUSSEINI,Individual,NS-PLC,9207,Wael Muhammed,ABDUL RAHMAN,a.k.a.,strong,9208,Wael Mohamad,ABED AL RAHMAAN,a.k.a.,strong,4763,1962,true,,,,,,,
57,9696,Naser,ABDUL JAWAD,Individual,NS-PLC,9209,Nasir Abdullah Odeh,ABDEL JAWAD,a.k.a.,strong,,,,,,4764,1965,true,,,,,,,
58,9697,Khaled,ABU TOS,Individual,NS-PLC,9210,Khalid Hamad Hamid,ABU QOUS,a.k.a.,strong,,,,,,4765,1949,true,4766,"Tulkarem, West Bank",true,,,,
59,9698,Khamis,NAJJAR,Individual,NS-PLC,9211,Khamis Jawdat Khamis,NAJJAR,a.k.a.,strong,,,,,,4767,1949,true,4768,Khan Younis,true,,,,
60,9699,Salah,AL-BARDAWIL,Individual,NS-PLC,9212,Salah Mohammad,EL BARDAWIL,a.k.a.,strong,,,,,,4769,1959,true,4770,Khan Younis,true,,,,
61,9700,Younes,AL-ASTAL,Individual,NS-PLC,9213,Younis Mohe-eldeen Fayez,EL-ASTAL,a.k.a.,strong,,,,,,4771,1956,true,4772,Khan Younis,true,,,,
62,9701,Abdul Rahman,AL-JAMAL,Individual,NS-PLC,9214,Abdel Al-Rahman Yusef,AL-JAMAL,a.k.a.,strong,,,,,,4773,1961,true,,,,,,,
63,9702,Salem,SALAMEH,Individual,NS-PLC,9215,Salem Ahmad Abdel Hadi,SALAMEH,a.k.a.,strong,,,,,,4774,1951,true,,,,,,,
64,9703,Saeed,SIAM,Individual,NS-PLC,9216,Said Mohammad,SEYAM,a.k.a.,strong,9217,Saeed Mohammad,SIYAM,a.k.a.,strong,4775,1959,true,,,,12151,,Gaza,Palestinian
65,9704,Ahmad,BAHAR,Individual,NS-PLC,9218,Ahmed Mohamed,BAHAR,a.k.a.,strong,,,,,,4776,1949,true,4777,Gaza,true,,,,
66,9705,Jamal,SALEH,Individual,NS-PLC,9219,Jamal Talab Mohammad Saleh,NASSER,a.k.a.,strong,9220,Jamal Talab,SALEH,a.k.a.,strong,4778,1958,true,4779,Gaza,true,,,,
67,9706,Khalil,AL-HAYYEH,Individual,NS-PLC,9221,Khalil Esmaeel,ELHYYA,a.k.a.,strong,,,,,,4780,1960,true,,,,,,,
68,9707,Mohammed Faraj,AL-GHOUL,Individual,NS-PLC,9222,Mohammad Faraj Mahmood,ELGHOUL,a.k.a.,strong,,,,,,4781,1957,true,,,,,,,
69,9708,Mushir,AL-HABAL,Individual,NS-PLC,9223,Moshir Omar,ELHABEL,a.k.a.,strong,9224,Moshir,EL-MASRI,a.k.a.,strong,4782,1978,true,,,,,,,
70,9709,Atef,UDWAN,Individual,NS-PLC,9225,Atef Ibrahim,ADWAN,a.k.a.,strong,9226,Atef Ibrahim Mohammad,IDWAN,a.k.a.,strong,4783,1952,true,,,,,,,
71,9710,Yousef,AL-SHARAFI,Individual,NS-PLC,9227,Yousef Awad,AL-SHRAFI,a.k.a.,strong,,,,,,4784,1963,true,,,,,,,
72,9711,Ismail,AL-ASHQAR,Individual,NS-PLC,9228,Ismail Abdallatif,AL-ALASHQAR,a.k.a.,strong,,,,,,4785,1962,true,,,,,,,
73,9712,Mohammed,SHIHAB,Individual,NS-PLC,9229,Mohamed Abed Hadi Rahman,SHEHAB,a.k.a.,strong,,,,,,4786,1956,true,,,,,,,
74,9713,Ahmad,SA'DAT,Individual,NS-PLC,,,,,,,,,,,,,,,,,,,,
75,9714,Jamil,MAJDALAWI,Individual,NS-PLC,,,,,,,,,,,,,,,,,,,,
76,9715,Khaledah,JARRAR,Individual,NS-PLC,,,,,,,,,,,,,,,,,,,,
77,9716,Qais Abdul,KARIM,Individual,NS-PLC,,,,,,,,,,,,,,,,,,,,
78,15268,,BANK OF KUNLUN CO LTD,Entity,561-Related,22509,,KARAMAY URBAN CREDIT COOPERATIVES,f.k.a.,strong,22510,,KARAMAY CITY COMMERCIAL BANK CO LTD.,f.k.a.,strong,,,,,,,22761,Daqing,,China
79,17013,,VTB BANK PUBLIC JOINT STOCK COMPANY,Entity,UKRAINE-EO13662,26072,,JSC VTB BANK,f.k.a.,strong,26073,,BANK VTB OPEN JOINT STOCK COMPANY,f.k.a.,strong,,,,,,,25798,St. Petersburg,,Russia
80,17014,,JOINT STOCK COMPANY RUSSIAN AGRICULTURAL BANK,Entity,UKRAINE-EO13662,26083,,RUSSIAN AGRICULTURAL BANK,a.k.a.,strong,26084,,RUSSIAN AGRICULTURAL BANK OPEN JOINT STOCK COMPANY,a.k.a.,strong,,,,,,,25802,Moscow,,Russia
81,17015,,STATE CORPORATION BANK FOR DEVELOPMENT AND FOREIGN ECONOMIC AFFAIRS VNESHECONOMBANK,Entity,RUSSIA-EO14024,26088,,VEB,a.k.a.,weak,55018,,GOSUDARSTVENNAYA KORPORATSIYA RAZVITIYA VEB.RF,a.k.a.,strong,,,,,,,25805,Moscow,,Russia
82,17016,,GAZPROMBANK JOINT STOCK COMPANY,Entity,UKRAINE-EO13662,26095,,GAZPROMBANK OPEN JOINT STOCK COMPANY,f.k.a.,strong,54916,,BANK GPB JSC,a.k.a.,strong,,,,,,,25807,Moscow,,Russia
83,17017,,BM BANK JSC,Entity,UKRAINE-EO13662,26099,,JOINT STOCK COMMERCIAL BANK - BANK OF MOSCOW OPEN JOINT STOCK COMPANY,a.k.a.,strong,26100,,AKTSIONERNY KOMMERCHESKI BANK BANK MOSKVY OTKRYTOE AKTSIONERNOE OBSCHCHESTVO,f.k.a.,strong,,,,,,,25810,Moscow,,Russia
84,17018,,PUBLIC JOINT STOCK COMPANY SBERBANK OF RUSSIA,Entity,UKRAINE-EO13662,26102,,SBERBANK ROSSII,a.k.a.,strong,26103,,SBERBANK ROSSII OAO,f.k.a.,strong,,,,,,,52487,Moscow,,Russia
85,17022,,OPEN JOINT-STOCK COMPANY ROSNEFT OIL COMPANY,Entity,UKRAINE-EO13662,26109,,OJSC ROSNEFT OIL COMPANY,a.k.a.,strong,26110,,ROSNEFT OIL COMPANY,a.k.a.,strong,,,,,,,25840,Moscow,,Russia
86,17064,,OAO NOVATEK,Entity,UKRAINE-EO13662,26208,,FINANSOVO-INVESTITSIONNAYA KOMPANIYA NOVAFININVEST OAO,a.k.a.,strong,26220,,NOVATEK,a.k.a.,strong,,,,,,,25919,,Moscow,Russia
87,17143,,PUBLIC JOINT STOCK COMPANY GAZPROM NEFT,Entity,UKRAINE-EO13662,26284,,PUBLICHNOE AKTSIONERNOE OBSHCHESTVO GAZPROM NEFT,a.k.a.,strong,26285,,GAZPROM NEFT PJSC,a.k.a.,strong,,,,,,,26038,Saint Petersburg,,Russia
88,17145,,SURGUTNEFTEGAS,Entity,UKRAINE-EO13662,26292,,OPEN JOINT STOCK COMPANY SURGUTNEFTEGAS,a.k.a.,strong,26293,,SURGUTNEFTEGAZ OAO,a.k.a.,strong,,,,,,,26046,the city of Surgut,Tyumenskaya Oblast,Russia
89,17248,,LUKOIL OAO,Entity,UKRAINE-EO13662,26538,,LUKOIL OIL COMPANY,a.k.a.,strong,26539,,LUKOIL,a.k.a.,strong,,,,,,,26282,Moscow,,Russia
90,17250,,PUBLIC JOINT STOCK COMPANY GAZPROM,Entity,UKRAINE-EO13662,26548,,GAZPROM PAO,a.k.a.,strong,26549,,PJSC GAZPROM,a.k.a.,strong,,,,,,,26288,St. Petersburg,Russia,Russia
91,17254,,PUBLIC JOINT STOCK COMPANY TRANSNEFT,Entity,UKRAINE-EO13662,26558,,AK TRANSNEFT OAO,f.k.a.,strong,26559,,AKTSIONERNAYA KOMPANIYA PO TRANSPORTU NEFTI TRANSNEFT PAO,f.k.a.,strong,,,,,,,52600,Moscow,,Russia
92,17260,,STATE CORPORATION ROSTEC,Entity,UKRAINE-EO13662,59376,,"STATE CORPORATION FOR THE PROMOTION OF THE DEVELOPMENT, MANUFACTURE, AND EXPORT OF HIGH TECH PRODUCTS ROSTEC",a.k.a.,strong,,,,,,,,,,,,26319,Moscow,,Russia
93,18267,,OJSC ORENBURGNEFT,Entity,UKRAINE-EO13662,28197,,ORENBURGNEFT,a.k.a.,strong,28198,,OAO JSC ORENBURGNEFT,a.k.a.,strong,,,,,,,27623,Buzuluk,the Orenburg Region,Russia
94,18268,,EXIMBANK OF RUSSIA JSC,Entity,UKRAINE-EO13662,28200,,"ROSEKSIMBANK, ZAO",a.k.a.,strong,28201,,RUSSIAN EXPORT-IMPORT BANK,a.k.a.,strong,,,,,,,27626,Moscow,,Russia
95,18269,,OJSC SAMOTLORNEFTEGAZ,Entity,UKRAINE-EO13662,28205,,SAMOTLORNEFTEGAZ JSC,a.k.a.,strong,28206,,SAMOTLORNEFTEGAZ,a.k.a.,strong,,,,,,,27628,Khanty-Mansiysk,"Autonomous District, Nizhnevartovsk",Russia
96,18270,,DEVELOPMENT CORPORATION OF NORTH CAUCASUS OJSC,Entity,UKRAINE-EO13662,28208,,OJSC NORTH CAUCASUS DEVELOPMENT CORPORATION,a.k.a.,strong,28209,,OPEN JOINT-STOCK COMPANY NORTH CAUCASUS DEVELOPMENT CORPORATION,a.k.a.,strong,,,,,,,27631,Stavropolski krai,,Russia
97,18271,,PJSC VERKHNECHONSKNEFTEGAZ,Entity,UKRAINE-EO13662,28211,,VERKHNECHONSKNEFTEGAZ,a.k.a.,strong,28214,,OJSC VERKHNECHONSKNEFTEGAZ,a.k.a.,strong,,,,,,,27632,Irkutsk,,Russia
98,18272,,RUSSIAN AGENCY FOR EXPORT CREDIT AND INVESTMENT INSURANCE OJSC,Entity,UKRAINE-EO13662,28216,,EKSAR OAO,a.k.a.,strong,28217,,ROSSISKOE AGENTSTVO PO STRAKHOVANIYU EKSPORTNYKH KREDITOV I INVESTITSI OTKRYTOE AKTSIONERNOE OBSHCHESTVO,a.k.a.,strong,,,,,,,27635,Moscow,,Russia
99,18273,,JSC VEB.DV,Entity,UKRAINE-EO13662,28221,,JSC FAR EAST AND ARCTIC REGION DEVELOPMENT FUND,f.k.a.,strong,28224,,OJSC THE FAR EAST AND BAIKAL REGION DEVELOPMENT FUND,f.k.a.,strong,,,,,,,27639,Moscow,,Russia
100,18274,,CJSC VANKORNEFT,Entity,UKRAINE-EO13662,28226,,VANKORNEFT,a.k.a.,strong,28227,,ZAO VANKORNEFT,a.k.a.,strong,,,,,,,27640,,Krasnoyarsk Territory,Russia
101,18275,,FEDERAL CENTER FOR PROJECT FINANCE,Entity,UKRAINE-EO13662,28229,,"FTSPF, OAO",a.k.a.,strong,28230,,OAO FEDERALNY TSENTR PROEKTNOGO FINANSIROVANIYA,a.k.a.,strong,,,,,,,27643,Moscow,,Russia
102,18276,,RN-YUGANSKNEFTEGAZ LLC,Entity,UKRAINE-EO13662,28234,,YUGANSKNEFTEGAZ,a.k.a.,strong,28235,,RN-YUGANSKNEFTEGAZ OOO,a.k.a.,strong,,,,,,,27645,Nefteyugansk,Tyumen Region,Russia
103,18277,,GLOBEXBANK,Entity,UKRAINE-EO13662,28238,,"GLOBEX COMMERCIAL BANK, JOINT STOCK COMPANY",a.k.a.,strong,28239,,"GLOBEKSBANK, AO",a.k.a.,strong,,,,,,,27647,Moscow,,Russia
104,18278,,KRASLESINVEST CJSC,Entity,UKRAINE-EO13662,28244,,"KRASLESINVEST, ZAO",a.k.a.,strong,28245,,ZAKRYTOE AKTSIONERNOE OBSHCHESTVO KRASLESINVEST,a.k.a.,strong,,,,,,,27650,Krasnoyarsk,Krasnoyarski krai,Russia
105,18279,,RUSSIAN DIRECT INVESTMENT FUND MANAGEMENT COMPANY,Entity,UKRAINE-EO13662,28250,,LIMITED LIABILITY COMPANY RDIF MANAGEMENT COMPANY,a.k.a.,strong,28253,,RDIF MANAGEMENT COMPANY LLC,a.k.a.,strong,,,,,,,27655,Moscow,,Russia
106,18280,,OJSC ANGARSK PETROCHEMICAL COMPANY,Entity,UKRAINE-EO13662,28252,,ANGARSK REFINERY,a.k.a.,strong,,,,,,,,,,,,27653,,Irkutsk region,Russia
107,18281,,LLC INFRASTRUCTURE MOLZHANINOVO,Entity,UKRAINE-EO13662,28257,,LLC RESAD,f.k.a.,strong,28259,,RESAD LLC,f.k.a.,strong,,,,,,,27658,Moscow,,Russia
108,18282,,OJSC NOVOKUYBYSHEV REFINERY,Entity,UKRAINE-EO13662,28261,,NOVOKUIBYSHEVSK REFINERY,a.k.a.,strong,,,,,,,,,,,,27661,,Samara region,Russia
109,18283,,SME BANK,Entity,UKRAINE-EO13662,28264,,JSC RUSSIAN BANK FOR SMALL AND MEDIUM ENTERPRISES SUPPORT,a.k.a.,strong,28265,,JSC SME BANK,a.k.a.,strong,,,,,,,27662,Moscow,,Russia
110,18284,,RN-KOMSOMOLSKY REFINERY LLC,Entity,UKRAINE-EO13662,28270,,RN-KOMSOMOLSKI NPZ OOO,a.k.a.,strong,28271,,KOMSOMOLSK REFINERY,a.k.a.,strong,,,,,,,27665,Komsomolsk-on-Amur,Khabarovsk region,Russia
111,18285,,SVIAZ-BANK,Entity,UKRAINE-EO13662,28274,,SVIAZ-BANK AKB PAO,a.k.a.,strong,28275,,MEZHREGIONALNY KOMMERCHESKI BANK RAZVITIYA SVYAZI I INFORMATIKI (PUBLICHNOE AKTSIONERNOE OBSHCHESTVO),a.k.a.,strong,,,,,,,27666,Moscow,,Russia
112,18286,,VEB CAPITAL,Entity,RUSSIA-EO14024,28279,,OOO VEB KAPITAL,a.k.a.,strong,28280,,OBSHCHESTVO S OGRANICHENNOI OTVETSTVENNOSTYU INVESTITSIONNA YA KOMPANIYA VNESHEKONOMBANKA,a.k.a.,strong,,,,,,,27668,Moscow,,Russia
113,18287,,VEB ENGINEERING LLC,Entity,UKRAINE-EO13662,28285,,OOO VEB INZHINIRING,a.k.a.,strong,28286,,OBSHCHESTVO S OGRANICHENNOI OTVETSTVENNOSTYU VEB INZHINIRING,a.k.a.,strong,,,,,,,27670,Moscow,,Russia
114,18288,,VEB LEASING OJSC,Entity,UKRAINE-EO13662,28288,,OAO VEB LIZING,a.k.a.,strong,28289,,OTKRYTOE AKTSIONERNOE OBSHCHESTVO VEB LIZING,a.k.a.,strong,,,,,,,27672,Moscow,,Russia
115,18289,,ROSE GROUP LIMITED,Entity,UKRAINE-EO13662,28293,,RGI INTERNATIONAL LIMITED,f.k.a.,strong,28294,,ROSE GROUP,a.k.a.,weak,,,,,,,27676,St. Peter Port,,Guernsey
116,18290,,OJSC SYZRAN REFINERY,Entity,UKRAINE-EO13662,28297,,SYZRAN REFINERY,a.k.a.,strong,28298,,OPEN JOINT-STOCK OIL AND GAS COMPANY SYZRAN,a.k.a.,strong,,,,,,,27675,Syzran,Samara region,Russia
117,18291,,BANK BELVEB OJSC,Entity,UKRAINE-EO13662,28300,,BELVNESHECONOMBANK OPEN JOINT STOCK COMPANY,a.k.a.,strong,28301,,BELVESHECONOMBANK OAO,a.k.a.,strong,,,,,,,27679,Minsk,,Belarus
118,18292,,OJSC ACHINSK REFINERY,Entity,UKRAINE-EO13662,28303,,ACHINSK REFINERY,a.k.a.,strong,28304,,OAO ACHINSK OIL REFINERY VNK,a.k.a.,strong,,,,,,,27682,,Krasnoyarsk territory,Russia
119,18293,,PROMINVESTBANK,Entity,UKRAINE-EO13662,28306,,PSC PROMINVESTBANK,a.k.a.,strong,28307,,PUBLIC STOCK COMPANY JOINT STOCK COMMERCIAL INDUSTRIAL AND INVESTMENT BANK,a.k.a.,strong,,,,,,,27683,Kyiv,,Ukraine
120,18294,,OJSC KUYBYSHEV REFINERY,Entity,UKRAINE-EO13662,28311,,KUIBYSHEV REFINERY,a.k.a.,strong,28313,,OJSC KUIBYSHEV REFINERY,a.k.a.,strong,,,,,,,27687,Samara,,Russia
121,18295,,VEB ASIA LIMITED,Entity,UKRAINE-EO13662,,,,,,,,,,,,,,,,,27686,Hong Kong,,China
122,18296,,OJSC RN HOLDING,Entity,UKRAINE-EO13662,28315,,RN HOLDING OAO,a.k.a.,strong,,,,,,,,,,,,27689,,Uvat,Russia
123,18297,,NEFT-AKTIV LLC,Entity,UKRAINE-EO13662,28317,,RN-AKTIV OOO,a.k.a.,strong,28318,,OOO NEFT-AKTIV,a.k.a.,strong,,,,,,,27691,Moscow,,Russia
124,18298,,OJSC RUSSIAN REGIONAL DEVELOPMENT BANK,Entity,UKRAINE-EO13662,28320,,RUSSIAN REGIONAL DEVELOPMENT BANK,a.k.a.,strong,28399,,VBRR,a.k.a.,weak,,,,,,,27693,Moscow,,Russia
125,18299,,ROSNEFT TRADING S.A.,Entity,UKRAINE-EO13662,,,,,,,,,,,,,,,,,27696,Geneva,,Switzerland
126,18300,,ROSNEFT TRADE LIMITED,Entity,UKRAINE-EO13662,28323,,TNK TRADE LIMITED,f.k.a.,strong,,,,,,,,,,,,27698,"Lefkosia, Nicosia",,Cyprus
127,18301,,ROSNEFT FINANCE S.A.,Entity,UKRAINE-EO13662,,,,,,,,,,,,,,,,,27700,Luxembourg,,Luxembourg
128,18669,,LIMITED LIABILITY COMPANY SBERBANK CAPITAL,Entity,UKRAINE-EO13662,29247,,SBERBANK CAPITAL LLC,a.k.a.,strong,29248,,SBERBANK KAPITAL OOO,a.k.a.,strong,,,,,,,28371,Moscow,,Russia
129,18708,,LIMITED LIABILITY COMPANY SBERBANK INVESTMENTS,Entity,UKRAINE-EO13662,29285,,SBERBANK INVESTMENTS LLC,a.k.a.,strong,29286,,SBERBANK INVESTMENTS OOO,a.k.a.,strong,,,,,,,28410,Odintsovo,Moscow Region,Russia
130,18709,,JOINT STOCK COMPANY SBERBANK LEASING,Entity,UKRAINE-EO13662,29288,,CJSC SBERBANK LEASING,a.k.a.,strong,29289,,SBERBANK LEASING ZAO,a.k.a.,strong,,,,,,,28412,Odintsovo,Moscow Region,Russia
131,18710,,SETELEM BANK LIMITED LIABILITY COMPANY,Entity,UKRAINE-EO13662,29294,,CETELEM BANK LLC,a.k.a.,strong,29295,,SETELEM BANK OOO,a.k.a.,strong,,,,,,,52544,Moscow,,Russia
132,18711,,OOO PS YANDEX.MONEY,Entity,UKRAINE-EO13662,29299,,LLC PS YANDEX.MONEY,a.k.a.,strong,29300,,PS YANDEKS.DENGI OOO,a.k.a.,strong,,,,,,,28419,Moscow,,Russia
133,18714,,OPEN JOINT STOCK COMPANY BPS-SBERBANK,Entity,UKRAINE-EO13662,29307,,BPS SBERBANK OJSC,a.k.a.,strong,29308,,BPS-SBERBANK OAO,a.k.a.,strong,,,,,,,28426,Minsk,,Belarus
134,18715,,JOINT STOCK COMPANY SBERBANK,Entity,UKRAINE-EO13662,29310,,SUBSIDIARY BANK SBERBANK OF RUSSIA PUBLIC JOINT STOCK COMPANY,a.k.a.,strong,29311,,SBERBANK OF RUSSIA SUBSIDIARY BANK PUBLIC JOINT STOCK COMPANY,a.k.a.,strong,,,,,,,28428,Kyiv,,Ukraine
135,18716,,SBERBANK EUROPE AG,Entity,UKRAINE-EO13662,,,,,,,,,,,,,,,,,28430,Vienna,,Austria
136,18718,,SB INTERNATIONAL SARL,Entity,UKRAINE-EO13662,,,,,,,,,,,,,,,,,28437,1855 Luxembourg,,Luxembourg
137,18719,,BANK VTB 24 PUBLIC JOINT STOCK COMPANY,Entity,UKRAINE-EO13662,29321,,BANK VTB 24 PUBLICHNOE AKTSIONERNOE OBSHCHESTVO,a.k.a.,strong,29322,,VTB 24 PAO,a.k.a.,strong,,,,,,,28439,Moscow,,Russia
138,18720,,PJSC VTB BANK (KIEV),Entity,UKRAINE-EO13662,29327,,"VTB BANK, PUBLIC JOINT STOCK COMPANY",a.k.a.,strong,29328,,PUBLICHNE AKTSIONERNE TOVARYSTVO VTB BANK,a.k.a.,strong,,,,,,,28441,Kyiv,,Ukraine
139,18721,,VTB BANK BELARUS CLOSED JOINT STOCK COMPANY,Entity,UKRAINE-EO13662,29333,,VTB BANK BELARUS CLOSED JOINT STOCK COMPANY,a.k.a.,strong,29334,,VTB BANK BELARUS,a.k.a.,strong,,,,,,,28444,Minsk,,Belarus
140,18722,,VTB BANK ARMENIA CLOSED JOINT STOCK COMPANY,Entity,UKRAINE-EO13662,29339,,SAVINGS BANK OF THE REPUBLIC OF ARMENIA,f.k.a.,strong,54971,,VTB BANK ARMENIA CJSC,a.k.a.,strong,,,,,,,28446,Yerevan,,Armenia
141,18723,,BANK VTB KAZAKHSTAN JOINT STOCK COMPANY,Entity,UKRAINE-EO13662,54967,,BANK VTB KAZAKHSTAN JSC,a.k.a.,strong,54968,,SUBSIDIARY JSC BANK VTB KAZAKHSTAN,a.k.a.,strong,,,,,,,28449,Almaty,,Kazakhstan
142,18724,,VTB BANK AZERBAIJAN OPEN JOINT STOCK COMPANY,Entity,UKRAINE-EO13662,29344,,BANK VTB AZERBAIJAN OJSC,a.k.a.,strong,29345,,JSC VTB BANK AZERBAIJAN,a.k.a.,strong,,,,,,,28451,Baku,,Azerbaijan
143,18725,,BANCO VTB AFRICA SA,Entity,UKRAINE-EO13662,29348,,VTB AFRICA,a.k.a.,strong,,,,,,,,,,,,28454,Luanda,,Angola
144,18726,,VTB BANK GEORGIA JOINT STOCK COMPANY,Entity,UKRAINE-EO13662,29353,,JSC VTB BANK GEORGIA,a.k.a.,strong,29354,,UNITED GEORGIAN BANK,f.k.a.,weak,,,,,,,28456,Tbilisi,,Georgia
145,18727,,VTB BANK (AUSTRIA) AG,Entity,UKRAINE-EO13662,,,,,,,,,,,,,,,,,28458,Vienna,,Austria
146,18728,,VTB BANK JSC BELGRADE,Entity,UKRAINE-EO13662,29358,,VTB BANKA AD BEOGRAD,a.k.a.,strong,30278,,MOSKOVSKA BANKA AD,f.k.a.,strong,,,,,,,28460,Belgrade,,Serbia
147,18729,,VTB CAPITAL HOLDINGS CLOSED JOINT STOCK COMPANY,Entity,UKRAINE-EO13662,29361,,KHOLDING VTB KAPITAL ZAKRYTOE AKTSIONERNOE OBSHCHESTVO,a.k.a.,strong,29362,,HOLDING VTB CAPITAL CJSC,a.k.a.,strong,,,,,,,28462,Moscow,,Russia
148,18730,,VTB PENSION ADMINISTRATOR LIMITED,Entity,UKRAINE-EO13662,29365,,VTB PENSION ADMINISTRATOR LTD,a.k.a.,strong,29366,,OBSHCHESTVO S OGRANICHENNOI OTVETSTVENNOSTYU VTB PENSIONNY ADMINISTRATOR,a.k.a.,strong,,,,,,,28464,Moscow,,Russia
149,18731,,LIMITED LIABILITY COMPANY VTB DC,Entity,UKRAINE-EO13662,54980,,LLC VTB DC,a.k.a.,strong,54981,,VTB DC LIMITED,a.k.a.,strong,,,,,,,28466,Moscow,,Russia
150,18732,,VTB INSURANCE LIMITED,Entity,UKRAINE-EO13662,29371,,VTB STRAKHOVANIE STRAKHOVAYA KOMPANIYA OOO,a.k.a.,strong,29372,,VTB STRAKHOVANIE SK OOO,a.k.a.,strong,,,,,,,28468,Moscow,,Russia
151,18733,,VTB FACTORING LTD,Entity,UKRAINE-EO13662,29377,,OBSHCHESTVO S OGRANICHENNOI OTVETSTVENNOSTYU VTB FAKTORING,a.k.a.,strong,29378,,VTB FAKTORING OOO,a.k.a.,strong,,,,,,,28470,Moscow,,Russia
152,18734,,NPF VTB PENSION FUND JOINT STOCK COMPANY,Entity,UKRAINE-EO13662,29382,,NONPROFIT ORGANIZATION NON-STATE PENSION FUND VTB PENSION FUND,a.k.a.,strong,29383,,"NPF VTB PENSIONNY FOND, AO",a.k.a.,strong,,,,,,,28472,Moscow,,Russia
153,18735,,VTB REAL ESTATE LIMITED LIABILITY COMPANY,Entity,UKRAINE-EO13662,29389,,"VTB NEDVIZHIMOST, OOO",a.k.a.,strong,29390,,"VTB REAL ESTATE, LLC",a.k.a.,strong,,,,,,,59944,Moscow,,Russia
154,18736,,VTB SPECIALIZED DEPOSITORY CLOSED JOINT STOCK COMPANY,Entity,UKRAINE-EO13662,29392,,CJS VTB SPECIALIZED DEPOSITORY,a.k.a.,strong,54975,,VTB SPECIALIZED DEPOSITORY CJSC,a.k.a.,strong,,,,,,,28476,Moscow,,Russia
155,18737,,VTB REGISTRAR CLOSED JOINT STOCK COMPANY,Entity,UKRAINE-EO13662,29396,,VTB REGISTRAR,a.k.a.,strong,54996,,VTB REGISTRAR CJSC,a.k.a.,strong,,,,,,,28478,Moscow,,Russia
156,18738,,MULTICARTA,Entity,UKRAINE-EO13662,29398,,OBSHCHESTVO S OGRANICHENNOI OTVETSTVENNOSTYU MULTIKARTA,a.k.a.,strong,29399,,"MULTICARTA, LTD",a.k.a.,strong,,,,,,,28480,Moscow,,Russia
157,18739,,VTB LEASING JOINT STOCK COMPANY,Entity,UKRAINE-EO13662,29405,,JSC VTB LEASING,a.k.a.,strong,29406,,AO VTB LIZING,a.k.a.,strong,,,,,,,28482,Moscow,,Russia
158,18740,,AKTSIONERNOE OBSHCHESTVO SG-DEVELOPMENT,Entity,UKRAINE-EO13662,29408,,PUBLIC JOINT STOCK COMPANY HALS-DEVELOPMENT,f.k.a.,strong,29409,,PUBLIC JOINT STOCK COMPANY SG-DEVELOPMENT,f.k.a.,strong,,,,,,,59943,Moscow,,Russia
159,18741,,AUCTION LIMITED LIABILITY COMPANY,Entity,RUSSIA-EO14024,29415,,LLC AUKCION,a.k.a.,strong,29416,,AUKTSION OOO,a.k.a.,strong,,,,,,,28487,Moscow,,Russia
160,18742,,RUST CLOSED JOINT-STOCK COMPANY,Entity,UKRAINE-EO13662,29420,,CJSC RUST,a.k.a.,strong,29421,,RUST ZAO,a.k.a.,strong,,,,,,,28489,St. Petersburg,,Russia
161,18743,,JOINT STOCK COMPANY SBERBANK AUTOMATED TRADE SYSTEM,Entity,UKRAINE-EO13662,29425,,SBERBANK-AUTOMATED TRADING SYSTEM CLOSED JOINT STOCK COMPANY,a.k.a.,strong,29426,,SBERBANK-AST ZAO,a.k.a.,strong,,,,,,,28491,Moscow,,Russia
162,18744,,LIMITED LIABILITY COMPANY SBERBANK FINANCIAL COMPANY,Entity,UKRAINE-EO13662,29430,,LLC SBERBANK FINANCIAL COMPANY,a.k.a.,strong,29431,,SBERBANK-FINANS OOO,a.k.a.,strong,,,,,,,28493,Moscow,,Russia
163,18745,,LLC SOVREMENNYE TECHNOLOGII,Entity,UKRAINE-EO13662,29435,,MODERN TECHNOLOGIES LIMITED LIABILITY COMPANY,a.k.a.,strong,29436,,"SOVREMENNYE TEKHNOLOGII, OOO",a.k.a.,strong,,,,,,,28495,Moscow,,Russia
164,18746,,SBERBANK TECHNOLOGIES CLOSED JOINT STOCK COMPANY,Entity,UKRAINE-EO13662,29439,,CJSC SBERBANK-TECHNOLOGY,a.k.a.,strong,29440,,"SBERTEKH, ZAO",a.k.a.,strong,,,,,,,28497,Moscow,,Russia
165,18747,,BYLINNYE BOGATYRI LIMITED LIABILITY COMPANY,Entity,UKRAINE-EO13662,29444,,LLC BYLINNYE BOGATYRI,a.k.a.,strong,29445,,"BYLINNYE BOGATYRI, OOO",a.k.a.,strong,,,,,,,28499,Moscow,,Russia
166,18748,,LIMITED LIABILITY COMPANY ACTIVE BUSINESS CONSULT,Entity,UKRAINE-EO13662,29447,,LLC ACTIVEBUSINESSCOLLECTION,a.k.a.,strong,29448,,"AKTIVBIZNESKOLLEKSHN, OOO",a.k.a.,strong,,,,,,,28501,Moscow,,Russia
167,18749,,JOINT STOCK COMPANY SBERBANK PRIVATE PENSION FUND,Entity,UKRAINE-EO13662,29452,,CJSC NON-STATE PENSION FUND OF SBERBANK,a.k.a.,strong,29453,,NPF SBERBANKA ZAO,a.k.a.,strong,,,,,,,28503,Moscow,,Russia
168,18750,,INSURANCE COMPANY SBERBANK INSURANCE LIMITED LIABILITY COMPANY,Entity,UKRAINE-EO13662,29458,,LLC INSURANCE COMPANY SBERBANK INSURANCE,a.k.a.,strong,29459,,SBERBANK STRAHOVANIE OOO SK,a.k.a.,strong,,,,,,,28505,Moscow,,Russia
169,18751,,LIMITED LIABILITY COMPANY SBERBANK INSURANCE BROKER,Entity,UKRAINE-EO13662,29464,,LLC INSURANCE BROKER OF SBERBANK,a.k.a.,strong,29465,,SBERBANK INSURANCE BROKER LLC,a.k.a.,strong,,,,,,,28508,Moscow,,Russia
170,18752,,KORUS CONSULTING CIS LIMITED LIABILITY COMPANY,Entity,UKRAINE-EO13662,29469,,LLL KORUS CONSULTING CIS,a.k.a.,strong,29470,,"KORUS KONSALTING SNG, OOO",a.k.a.,strong,,,,,,,28510,Saint Petersburg,,Russia
171,18753,,SB SECURITIES SA,Entity,UKRAINE-EO13662,,,,,,,,,,,,,,,,,28512,Luxembourg,,Luxembourg
172,18768,,RT - GLOBALNYE RESURSY OOO,Entity,UKRAINE-EO13662,29485,,RT GLOBAL RESOURCES,a.k.a.,strong,29486,,RT - GLOBAL RESOURCES LIMITED LIABILITY COMPANY,a.k.a.,strong,,,,,,,28530,Moscow,,Russia
173,18769,,JSC NPO HIGH PRECISION SYSTEMS,Entity,UKRAINE-EO13662,56466,,AKTSIONERNOE OBSHCHESTVO NPO VYSOKOTOCHNYE KOMPLEKSY,a.k.a.,strong,56467,,HIGH PRECISION WEAPONS JOINT STOCK COMPANY SCIENTIFIC PRODUCTION ASSOCIATION,a.k.a.,strong,,,,,,,28533,Moscow,,Russia
174,18770,,OPEN JOINT STOCK COMPANY RUSSIAN ELECTRONICS,Entity,UKRAINE-EO13662,29503,,JSC RUSELECTRONICS,a.k.a.,strong,59392,,AO ROSELEKTRONIKA,a.k.a.,strong,,,,,,,28535,Moscow,,Russia
175,18771,,OTKRYTOE AKTSIONERNOE OBSHCHESTVO VNESHNEEKONOMICHESKOE OBEDINENIE TEKHNOPROMEKSPORT,Entity,UKRAINE-EO13662,29509,,JOINT STOCK COMPANY FOREIGN ECONOMIC ASSOCIATION TECHNOPROMEXPORT,a.k.a.,strong,29510,,TECHNOPROMEXPORT FOREIGN ECONOMIC ASSOCIATION OPEN JOINT STOCK COMPANY,a.k.a.,strong,,,,,,,28537,Moscow,,Russia
176,18772,,NPK TEKHMASH OAO,Entity,UKRAINE-EO13662,29517,,OJSC MACHINE ENGINEERING TECHNOLOGIES,a.k.a.,strong,29521,,SCIENTIFIC INDUSTRIAL CONCERN MANUFACTURING ENGINEERING OJSC,a.k.a.,strong,,,,,,,28539,Moscow,,Russia
177,18773,,OTKRYTOE AKTSIONERNOE OBSHCHESTVO KONTSERN AVIATSIONNOE OBORUDOVANIE,Entity,UKRAINE-EO13662,29528,,JOINT STOCK COMPANY CONCERN OF AVIATION EQUIPMENT,a.k.a.,strong,29529,,"KONTSERN AVIATSIONNOE OBORUDOVANIE, OAO",a.k.a.,strong,,,,,,,28541,Moscow,,Russia
178,18774,,JOINT STOCK COMPANY TEKHNODINAMIKA,Entity,UKRAINE-EO13662,59279,,JSC TEKHNODINAMIKA,a.k.a.,strong,59280,,AKTSIONERNOE OBSCHESTVO TEKHNODINAMIKA,a.k.a.,strong,,,,,,,28544,Moscow,,Russia
179,18775,,OTKRYTOE AKTSIONERNOE OBSHCHESTVO RT-STANKOINSTRUMENT,Entity,UKRAINE-EO13662,29538,,"RT-STANKOINSTRUMENT, OAO",a.k.a.,strong,29539,,OPEN JOINT STOCK COMPANY RT-STANKOINSTRUMENT,a.k.a.,strong,,,,,,,28546,Moscow,,Russia
180,18776,,AKTSIONERNOE OBSHCHESTVO RT-KHIMICHESKIE TEKHNOLOGII I KOMPOZITSIONNYE MATERIALY,Entity,UKRAINE-EO13662,29543,,JOINT STOCK COMPANY RT-CHEMICAL TECHNOLOGIES AND COMPOSITE MATERIALS,a.k.a.,strong,29544,,"RT-KHIMKOMPOZIT, AO",a.k.a.,strong,,,,,,,28548,Moscow,,Russia
181,18777,,AKTSIONERNOE OBSHCHESTVO RT-BIOTEKHPROM,Entity,UKRAINE-EO13662,29552,,"RT-BIOTEKHPROM, AO",a.k.a.,strong,29553,,RT-BIOTECHPROM,a.k.a.,strong,,,,,,,28550,Moscow,,Russia
182,18778,,AKTSIONERNOE OBSHCHESTVO RT-AVTO,Entity,UKRAINE-EO13662,29556,,"RT-AVTO, AO",a.k.a.,weak,29557,,"RT-AVTO, OAO",a.k.a.,weak,,,,,,,28552,Moscow,,Russia
183,18779,,JOINT STOCK COMPANY SHVABE,Entity,UKRAINE-EO13662,59276,,AKTSIONERNOE OBSHCHESTVO SHVABE,a.k.a.,strong,59277,,AO SHVABE,a.k.a.,strong,,,,,,,56525,Moscow,,Russia
184,18780,,OBSCHESTVO S OGRANICHENNOI OTVETSTVENNOSTYU PROMINVEST,Entity,UKRAINE-EO13662,29567,,"PROMINVEST, OOO",a.k.a.,strong,29568,,PROMINVEST LIMITED LIABILITY COMPANY,a.k.a.,strong,,,,,,,28557,Moscow,,Russia
185,18781,,OBIEDINENNAYA PROMYSHLENNAYA KORPORATSIYA OBORONPROM OAO,Entity,UKRAINE-EO13662,29570,,OPK OBORONPROM OAO,a.k.a.,strong,29571,,UNITED INDUSTRIAL CORPORATION OBORONPROM OJSC,a.k.a.,strong,,,,,,,28559,Moscow,,Russia
186,18782,,ROSOBORONEKSPORT OAO,Entity,SYRIA,29576,,RUSSIAN DEFENSE EXPORT ROSOBORONEXPORT,a.k.a.,strong,29577,,ROSOBORONEXPORT JSC,a.k.a.,strong,,,,,,,28561,Moscow,,Russia
187,18783,,KONTSERN SIRIUS OAO,Entity,UKRAINE-EO13662,29582,,CONCERN SIRIUS JOINT STOCK COMPANY,a.k.a.,strong,29583,,JSC SIRIUS,a.k.a.,strong,,,,,,,28563,Moscow,,Russia
188,18784,,JOINT STOCK COMMERCIAL BANK NOVIKOMBANK,Entity,UKRAINE-EO13662,29586,,AKTSIONERNY KOMMERCHESKI BANK NOVIKOMBANK AKTSIONERNOE OBSHCHESTVO,a.k.a.,strong,29587,,AO AKB NOVIKOMBANK,a.k.a.,strong,,,,,,,52481,Moscow,,Russia
189,18785,,AKTSIONERNOE OBSHCHESTVO RT-OKHRANA,Entity,UKRAINE-EO13662,29590,,"RT-OKHRANA, AO",a.k.a.,strong,29591,,RT-OKHRANA ZAO,a.k.a.,strong,,,,,,,28569,Moscow,,Russia
190,18786,,OTKRYTOE AKTSIONERNOE OBSHCHESTVO TEKHNOLOGII BEZOPASNOSTI,Entity,UKRAINE-EO13662,29596,,"TEKHNOLOGII BEZOPASNOSTI, OAO",a.k.a.,strong,29597,,JOINT STOCK COMPANY SECURITY TECHNOLOGIES,a.k.a.,strong,,,,,,,28571,Moscow,,Russia
191,18787,,UNITED INSTRUMENT MANUFACTURING CORPORATION,Entity,UKRAINE-EO13662,29600,,JSC-UNITED-INSTRUMENT-MANUFACTURING-CORPORATION,a.k.a.,strong,29601,,UIMC,a.k.a.,weak,,,,,,,28573,Moscow,,Russia
192,18788,,RT-INFORM LIMITED LIABILITY COMPANY,Entity,UKRAINE-EO13662,59395,,RT-INFORM LLC,a.k.a.,strong,,,,,,,,,,,,28576,Moscow,,Russia
193,18789,,KONTSERN ORION OAO,Entity,UKRAINE-EO13662,29607,,ORION CONCERN OPEN JOINT STOCK COMPANY,a.k.a.,strong,29608,,OPEN JOINT-STOCK COMPANY KONTSERN ORION,a.k.a.,strong,,,,,,,28578,Moscow,,Russia
194,18790,,RT-METALLURGIYA OAO,Entity,UKRAINE-EO13662,29610,,OPEN JOINT-STOCK COMPANY RT-METALLURGIYA,a.k.a.,strong,29611,,RT-METALLURGY OPEN JOINT STOCK COMPANY,a.k.a.,strong,,,,,,,28581,Moscow,,Russia
195,18791,,KONTSERN AVIAPRIBOROSTROENIE OAO,Entity,UKRAINE-EO13662,29613,,AIRCRAFT ENGINEERING CONCERN OPEN JOINT STOCK COMPANY,a.k.a.,strong,29614,,OPEN JOINT-STOCK COMPANY KONTSERN AVIAPRIBOROSTROYENIYE,a.k.a.,weak,,,,,,,28583,Moscow,,Russia
196,18792,,90 EKSPERIMENTALNY ZAVOD OAO,Entity,UKRAINE-EO13662,29616,,90 EXPERIMENTAL PLANT OPEN JOINT STOCK COMPANY,a.k.a.,strong,29617,,OPEN JOINT-STOCK COMPANY 90 EKSPERIMENTALNIY ZAVOD,a.k.a.,strong,,,,,,,28585,Moscow,,Russia
197,18793,,AKTSIONERNOE OBSHCHESTVO TSENTRALNOE KONSTRUKTORSKOE BYURO SPETSIALNYKH RADIOMATERIALOV,Entity,UKRAINE-EO13662,29619,,"TSKB RM, AO",a.k.a.,strong,29620,,OPEN JOINT-STOCK COMPANY CENTRAL DESIGN OFFICE OF RADIOMATERIALS,a.k.a.,strong,,,,,,,28587,Moscow,,Russia
198,18794,,AKTSIONERNOE OBSHCHESTVO MOSKOVSKI MASHINOSTROITELNY EKSPERIMENTALNY ZAVOD - KOMPOZITSIONNYE TEKHNOLOGII,Entity,UKRAINE-EO13662,29625,,MOSCOW MECHANICAL EXPERIMENTAL PLANT - COMPOSITE TECHNOLOGIES OPEN JOINT STOCK COMPANY,a.k.a.,strong,29626,,JOINT STOCK COMPANY MOSKOW EXPERIMENTAL MACHINE-BUILDING PLANT - COMPOSITE TECHNOLOGIES,a.k.a.,strong,,,,,,,28590,Moscow,,Russia
199,18795,,OTKRYTOE AKTSIONERNOE OBSHCHESTVO NOVO-VYATKA,Entity,UKRAINE-EO13662,29635,,NOVO VYATKA OPEN JOINT STOCK COMPANY,a.k.a.,strong,,,,,,,,,,,,28592,Kirov,Kirovskaya obl.,Russia
200,18808,,AKTSIONERNOE OBSHCHESTVO NAUCHNO-PROIZVODSTVENNOE OBEDINENIE OPTIKA,Entity,UKRAINE-EO13662,29645,,"NPO OPTIKA, AO",a.k.a.,strong,29646,,OPEN JOINT STOCK COMPANY NAUCHNO-PROIZVODSTVENNOYE OBYEDINENIYE OPTIKA,a.k.a.,strong,,,,,,,28610,Moscow,,Russia
201,18809,,OTKRYTOE AKTSIONERNOE OBSHCHESTVO VNESHNEEKONOMICHESKOE OBEDINENIE STANKOIMPORT,Entity,UKRAINE-EO13662,29650,,"VO STANKOIMPORT, OAO",a.k.a.,strong,29651,,OPEN JOINT-STOCK COMPANY FOREIGN TRADE ENTERPRISE STANKOIMPORT,a.k.a.,strong,,,,,,,28613,Moscow,,Russia
202,18810,,OTKRYTOE AKTSIONERNOE OBSHCHESTVO NOVOSIBIRSKOE PROIZVODSTVENNOE OBEDINENIE LUCH,Entity,UKRAINE-EO13662,29655,,"NPO LUCH, OAO",a.k.a.,strong,29656,,JOINT STOCK COMPANY NOVOSIBIRSK PRODUCTION AMALGAMATION LUCH,a.k.a.,strong,,,,,,,28615,Novosibirsk,Novosibirskaya obl.,Russia
203,18811,,OTKRYTOE AKTSIONERNOE OBSHCHESTVO NAUCHNO-PROIZVODSTVENNOE OBEDINENIE SPLAV,Entity,UKRAINE-EO13662,29659,,"NPO SPLAV, OAO",a.k.a.,strong,29660,,OPEN JOINT-STOCK COMPANY SPLAV STATE AND RESEARCH PRODUCTION ASSOCIATION,a.k.a.,strong,,,,,,,28617,Tula,Tulskaya obl.,Russia
204,18812,,OTKRYTOE AKTSIONERNOE OBSHCHESTVO NOVOVYATSKI MEKHANICHESKI ZAVOD,Entity,UKRAINE-EO13662,29664,,OPEN JOINT STOCK COMPANY NOVOVYATSK MECHANICAL PLANT,a.k.a.,strong,29665,,OPEN JOINT-STOCK COMPANY NOVOVYATSKIY MEKHANICHESKIY ZAVOD,a.k.a.,strong,,,,,,,28619,Kirov,Kirovskaya obl.,Russia
205,18813,,OBSHCHESTVO S OGRANICHENNOI OTVETSTVENNOSTYU RT-ENERGOEFFEKTIVNOST,Entity,UKRAINE-EO13662,29670,,"RT-ENERGO, OOO",a.k.a.,strong,29671,,RT-ENERGO LLC,a.k.a.,strong,,,,,,,28621,Moscow,,Russia
206,18814,,OTKRYTOE AKTSIONERNOE OBSHCHESTVO KALINOVSKI KHIMICHESKI ZAVOD,Entity,UKRAINE-EO13662,29675,,"KKHZ, OAO",a.k.a.,weak,29676,,KALINOVO CHEMICAL PLANT OPEN JOINT STOCK COMPANY,a.k.a.,strong,,,,,,,28623,Nevyanski Raion,Sverdlovskaya obl.,Russia
207,18815,,AKTSIONERNOE OBSHCHESTVO NOVOSIBIRSKI ZAVOD POLUPROVODNIKOVYKH PRIBOROV S OKB,Entity,UKRAINE-EO13662,29680,,NOVOSIBIRSK FACTORY OF SEMICONDUCTOR DEVICES WITH THE SPECIAL DESIGN CENTRE PUBLIK JOINT STOCK COMPANY,a.k.a.,strong,29681,,NZPP S OKB OJSC,a.k.a.,strong,,,,,,,28625,Novosibirsk,Novosibirskaya obl.,Russia
208,18816,,AKTSIONERNOE OBSHCHESTVO RT-STROITELNYE TEKHNOLOGII,Entity,UKRAINE-EO13662,29685,,"RT-STROITELNYE TEKHNOLOGII, AO",a.k.a.,strong,29686,,RT-STROITELNYE TECHNOLOGIES OAO,a.k.a.,strong,,,,,,,28627,Moscow,,Russia
209,18817,,MZ MAYAK OAO,Entity,UKRAINE-EO13662,29690,,MAYAK MACHINE BUILDING PLANT OPEN JOINT STOCK COMPANY,a.k.a.,strong,29691,,MASHINOSTROITELNIY ZAVOD MAYAK,a.k.a.,strong,,,,,,,28629,Moscow,,Russia
210,18818,,ULYANOVSKI GIPROAVIAPROM OAO,Entity,UKRAINE-EO13662,29694,,ULYANOVSKIY GIPROAVIAPROM OJSC,a.k.a.,strong,29695,,ULYANOVSK STATE DESIGN AND ENGINEERING INSTITUTE FOR AVIATION INDUSTRY OPEN JOINT STOCK COMPANY,a.k.a.,strong,,,,,,,28631,Ulyanovsk,,Russia
211,18819,,OBEDINENNAYA DVIGATELESTROITELNAYA KORPORATSIYA OAO,Entity,UKRAINE-EO13662,29698,,UNITED ENGINE CORPORATION JSC,a.k.a.,strong,29699,,ODK OAO,a.k.a.,weak,,,,,,,28633,Moscow,,Russia
212,18820,,VERTOLETY ROSSII AO,Entity,UKRAINE-EO13662,29702,,RUSSIAN HELICOPTERS JOINT STOCK COMPANY,a.k.a.,strong,29703,,OPEN JOINT STOCK COMPANY RUSSIAN HELICOPTERS,a.k.a.,strong,,,,,,,28636,Moscow,,Russia
213,19468,,"GAZPROM DOBYCHA YAMBURG, OOO",Entity,UKRAINE-EO13662,30628,,GAZPROM DOBYCHA YAMBURG,a.k.a.,strong,30629,,OBSHCHESTVO S OGRANICHENNOI OTVETSTVENNOSTYU 'GAZPROM DOBYCHA YAMBURG',a.k.a.,strong,,,,,,,29591,Novy Urengoi,Yamalo-Nenetski a.o,Russia
214,19469,,"GAZPROM TRANSGAZ YUGORSK, OOO",Entity,UKRAINE-EO13662,30631,,GAZPROM TRANSGAZ YUGORSK,a.k.a.,strong,30632,,OBSHCHESTVO S OGRANICHENNOI OTVETSTVENNOSTYU 'GAZPROM TRANSGAZ YUGORSK',a.k.a.,strong,,,,,,,29593,Yugorsk,"Khanty-Mansiski Avtonomny okrug, Yugra a.o.",Russia
215,19470,,"NIIGAZEKONOMIKA, OOO",Entity,UKRAINE-EO13662,30635,,NIIGAZECONOMIKA,a.k.a.,strong,30636,,OBSHCHESTVO S OGRANICHENNOI OTVETSTVENNOSTYU 'NAUCHNOISSLEDOVATELSKI INSTITUT EKONOMIKI I ORGANIZATSII UPRAVLENIYA V GAZOVOIPROMYSHLENNOSTI',a.k.a.,strong,,,,,,,29595,Moscow,,Russia
216,19471,,"GAZPROM TRANSGAZ SANKT-PETERBURG, OOO",Entity,UKRAINE-EO13662,30638,,GAZPROM TRANSGAZ SAINT PETERSBURG,a.k.a.,strong,30639,,OBSHCHESTVO S OGRANICHENNOI OTVETSTVENNOSTYU 'GAZPROM TRANSGAZ SANKT-PETERBURG',a.k.a.,strong,,,,,,,29597,St. Petersburg,,Russia
217,19472,,"GAZPROM TRANSGAZ STAVROPOL, OOO",Entity,UKRAINE-EO13662,30641,,GAZPROM TRANSGAZ STAVROPOL,a.k.a.,strong,30642,,OBSHCHESTVO S OGRANICHENNOI OTVETSTVENNOSTYU 'GAZPROM TRANSGAZ STAVROPOL',a.k.a.,strong,,,,,,,29599,Stavropol,Stavropolski krai,Russia
218,19542,,"GAZPROM RUSSKAYA, OOO",Entity,UKRAINE-EO13662,30728,,GAZPROM RUSSKAYA,a.k.a.,strong,30729,,OBSHCHESTVO S OGRANICHENNOI OTVETSTVENNOSTYU 'GAZPROM RUSSKAYA',a.k.a.,strong,,,,,,,29677,St. Petersburg,,Russia
219,19543,,"GAZPROM ENERGO, OOO",Entity,UKRAINE-EO13662,30732,,GAZPROM ENERGO,a.k.a.,strong,30733,,OBSHCHESTVO S OGRANICHENNOI OTVETSTVENNOSTYU 'GAZPROM ENERGO',a.k.a.,strong,,,,,,,29679,Moscow,,Russia
220,19544,,"GAZPROM DOBYCHA NADYM, OOO",Entity,UKRAINE-EO13662,30735,,GAZPROM DOBYCHA NADYM,a.k.a.,strong,30736,,OBSHCHESTVO S OGRANICHENNOI OTVETSTVENNOSTYU 'GAZPROM DOBYCHA NADYM',a.k.a.,strong,,,,,,,29681,Nadym,Yamalo-Nenetski a.o.,Russia
221,19545,,"GAZPROM SVYAZ, OOO",Entity,UKRAINE-EO13662,30738,,GAZPROM SVYAZ,a.k.a.,strong,30739,,OBSHCHESTVO S OGRANICHENNOI OTVETSTVENNOSTYU 'GAZPROM SVYAZ',a.k.a.,strong,,,,,,,29683,Moscow,,Russia
222,19546,,"GAZPROM MEZHREGIONGAZ, OOO",Entity,UKRAINE-EO13662,30741,,GAZPROM MEZHREGIONGAZ,a.k.a.,strong,30742,,OBSHCHESTVO S OGRANICHENNOI OTVETSTVENNOSTYU 'GAZPROM MEZHREGIONGAZ',a.k.a.,strong,,,,,,,29685,St. Petersburg,,Russia
223,19631,,"GAZPROM DOBYCHA KUZNETSK, OOO",Entity,UKRAINE-EO13662,30829,,GAZPROM DOBYCHA KUZNETSK,a.k.a.,strong,30830,,OBSHCHESTVO S OGRANICHENNOI OTVETSTVENNOSTYU 'GAZPROM DOBYCHA KUZNETSK',a.k.a.,strong,,,,,,,29798,Kemerovo,Kemerovskaya obl,Russia
224,19632,,"GAZPROM TRANSGAZ UKHTA, OOO",Entity,UKRAINE-EO13662,30832,,GAZPROM TRANSGAZ UKHTA,a.k.a.,strong,30833,,OBSHCHESTVO S OGRANICHENNOI OTVETSTVENNOSTYU 'GAZPROM TRANSGAZ UKHTA',a.k.a.,strong,,,,,,,29800,Ukhta,Komi resp,Russia
225,19633,,"GAZPROM TRANSGAZ KAZAN, OOO",Entity,UKRAINE-EO13662,30835,,GAZPROM TRANSGAZ KAZAN,a.k.a.,strong,30836,,OBSHCHESTVO S OGRANICHENNOI OTVETSTVENNOSTYU 'GAZPROM TRANSGAZ KAZAN',a.k.a.,strong,,,,,,,29802,Kazan,Tatarstan resp,Russia
226,19634,,"GAZPROM TRANSGAZ SARATOV, OOO",Entity,UKRAINE-EO13662,30838,,GAZPROM TRANSGAZ SARATOV,a.k.a.,strong,30839,,OBSHCHESTVO S OGRANICHENNOI OTVETSTVENNOSTYU 'GAZPROM TRANSGAZ SARATOV',a.k.a.,strong,,,,,,,29804,Saratov,Saratovskaya obl.,Russia
227,19635,,"GAZPROM SOTSINVEST, OOO",Entity,UKRAINE-EO13662,30841,,GAZPROM SOTSINVEST,a.k.a.,strong,30842,,OBSHCHESTVO S OGRANICHENNOI OTVETSTVENNOSTYU 'GAZPROM SOTSINVEST',a.k.a.,strong,,,,,,,29806,St. Petersburg,,Russia
228,19636,,"GAZPROM DOBYCHA NOYABRSK, OOO",Entity,UKRAINE-EO13662,30845,,GAZPROM DOBYCHA NOYABRSK,a.k.a.,strong,30846,,OBSHCHESTVO S OGRANICHENNOI OTVETSTVENNOSTYU 'GAZPROM DOBYCHA NOYABRSK',a.k.a.,strong,,,,,,,29808,Noyabrsk,Yamalo-Nenetski a.o.,Russia
229,19637,,"GAZPROM GAZOBEZOPASNOST, OOO",Entity,UKRAINE-EO13662,30848,,GAZPROM GAZOBEZOPASNOST,a.k.a.,strong,30849,,OBSHCHESTVO S OGRANICHENNOI OTVETSTVENNOSTYU 'GAZPROM GAZOBEZOPASNOST',a.k.a.,strong,,,,,,,29810,Moscow,,Russia
230,19638,,"GAZPROM FLOT, OOO",Entity,UKRAINE-EO13662,30852,,GAZPROM FLOT,a.k.a.,strong,30853,,OBSHCHESTVO S OGRANICHENNOI OTVETSTVENNOSTYU 'GAZPROM FLOT',a.k.a.,strong,,,,,,,29813,Moscow,,Russia
231,19639,,"GAZ-OIL, OOO",Entity,UKRAINE-EO13662,30856,,GAZ-OIL,a.k.a.,strong,30857,,OBSHCHESTVO S OGRANICHENNOI OTVETSTVENNOSTYU 'GAZ-OIL',a.k.a.,strong,,,,,,,29815,Moscow,,Russia
232,19640,,"GAZPROM INVEST, OOO",Entity,UKRAINE-EO13662,30860,,GAZPROM INVEST,a.k.a.,strong,30861,,OBSHCHESTVO S OGRANICHENNOI OTVETSTVENNOSTYU 'GAZPROM INVEST',a.k.a.,strong,,,,,,,29817,St. Petersburg,,Russia
233,19641,,"GAZPROM TSENTRREMONT, OOO",Entity,UKRAINE-EO13662,30863,,GAZPROM TSENTRREMONT,a.k.a.,strong,30864,,OBSHCHESTVO S OGRANICHENNOI OTVETSTVENNOSTYU 'GAZPROM TSENTRREMONT',a.k.a.,strong,,,,,,,29819,Shchelkovo,Moskovskaya obl,Russia
234,19642,,"GAZPROM DOBYCHA KRASNODAR, OOO",Entity,UKRAINE-EO13662,30866,,GAZPROM DOBYCHA KRASNODAR,a.k.a.,strong,30867,,OBSHCHESTVO S OGRANICHENNOI OTVETSTVENNOSTYU 'GAZPROM DOBYCHA KRASNODAR',a.k.a.,strong,,,,,,,29821,Krasnodar,Krasnodarski krai,Russia
235,19643,,"GAZPROM TRANSGAZ KRASNODAR, OOO",Entity,UKRAINE-EO13662,30869,,GAZPROM TRANSGAZ KRASNODAR,a.k.a.,strong,30870,,OBSHCHESTVO S OGRANICHENNOI OTVETSTVENNOSTYU 'GAZPROM TRANSGAZ KRASNODAR',a.k.a.,strong,,,,,,,29823,Krasnodar,Krasnodarski krai,Russia
236,19644,,"GAZPROM PERSONAL, OOO",Entity,UKRAINE-EO13662,30872,,GAZPROM PERSONAL,a.k.a.,strong,30873,,OBSHCHESTVO S OGRANICHENNOI OTVETSTVENNOSTYU 'GAZPROM PERSONAL',a.k.a.,strong,,,,,,,29825,Moscow,,Russia
237,19645,,"GAZPROM PERERABOTKA, OOO",Entity,UKRAINE-EO13662,30875,,GAZPROM PERERABOTKA,a.k.a.,strong,30876,,OBSHCHESTVO S OGRANICHENNOI OTVETSTVENNOSTYU 'GAZPROM PERERABOTKA',a.k.a.,strong,,,,,,,29827,Surgut,Khanty-Mansiski Avtonomny okrug - Yugra a.o.,Russia
238,19646,,"GAZPROM TRANSGAZ VOLGOGRAD, OOO",Entity,UKRAINE-EO13662,30878,,GAZPROM TRANSGAZ VOLGOGRAD,a.k.a.,strong,30879,,OBSHCHESTVO S OGRANICHENNOI OTVETSTVENNOSTYU 'GAZPROM TRANSGAZ VOLGOGRAD',a.k.a.,strong,,,,,,,29829,Volgograd,Volgogradskaya obl.,Russia
239,19647,,"GAZPROM TRANSGAZ TOMSK, OOO",Entity,UKRAINE-EO13662,30881,,GAZPROM TRANSGAZ TOMSK,a.k.a.,strong,30882,,OBSHCHESTVO S OGRANICHENNOI OTVETSTVENNOSTYU 'GAZPROM TRANSGAZ TOMSK',a.k.a.,strong,,,,,,,29831,Tomsk,Tomskaya obl.,Russia
240,19648,,"GAZPROM TRANSGAZ SURGUT, OOO",Entity,UKRAINE-EO13662,30884,,GAZPROM TRANSGAZ SURGUT,a.k.a.,strong,30885,,OBSHCHESTVO S OGRANICHENNOI OTVETSTVENNOSTYU 'GAZPROM TRANSGAZ SURGUT',a.k.a.,strong,,,,,,,29833,Surgut,Khanty-Mansiski Avtonomny okrug - Yugra a.o.,Russia
241,19649,,"GAZPROM TRANSGAZ NIZHNI NOVGOROD, OOO",Entity,UKRAINE-EO13662,30887,,GAZPROM TRANSGAZ NIZHNY NOVGOROD,a.k.a.,strong,30888,,OBSHCHESTVO S OGRANICHENNOI OTVETSTVENNOSTYU 'GAZPROM TRANSGAZ NIZHNI NOVGOROD',a.k.a.,strong,,,,,,,29835,Nizhni Novgorod,Nizhegorodskaya obl.,Russia
242,19650,,"GAZPROM GAZNADZOR, OOO",Entity,UKRAINE-EO13662,30890,,GAZPROM GAZNADZOR,a.k.a.,strong,30891,,OBSHCHESTVO S OGRANICHENNOI OTVETSTVENNOSTYU 'GAZPROM GAZNADZOR',a.k.a.,strong,,,,,,,29837,Moscow,,Russia
243,19652,,"GAZPROM KOMPLEKTATSIYA, OOO",Entity,UKRAINE-EO13662,30897,,GAZPROM KOMPLEKTATSIYA,a.k.a.,strong,30898,,OBSHCHESTVO S OGRANICHENNOI OTVETSTVENNOSTYU 'GAZPROM KOMPLEKTATSIYA',a.k.a.,strong,,,,,,,29841,Moscow,,Russia
244,19653,,"GAZPROM VNIIGAZ, OOO",Entity,UKRAINE-EO13662,30900,,GAZPROM VNIIGAZ,a.k.a.,strong,30901,,OBSHCHESTVO S OGRANICHENNOI OTVETSTVENNOSTYU 'NAUCHNO-ISSLEDOVATELSKI INSTITUT PRIRODNYKH GAZOV I GAZOVYKH TEKHNOLOGI - GAZPROM VNIIGAZ',a.k.a.,strong,,,,,,,29843,Leninski Raion,Moskovskaya obl.,Russia
245,19654,,"GAZPROM TELEKOM, OOO",Entity,UKRAINE-EO13662,30903,,GAZPROM TELECOM,a.k.a.,strong,30904,,OBSHCHESTVO S OGRANICHENNOI OTVETSTVENNOSTYU 'GAZPROM TELEKOM',a.k.a.,strong,,,,,,,29845,Moscow,,Russia
246,19670,,"GAZPROM INFORM, OOO",Entity,UKRAINE-EO13662,30921,,GAZPROM INFORM,a.k.a.,strong,30922,,OBSHCHESTVO S OGRANICHENNOI OTVETSTVENNOSTYU 'GAZPROM INFORM',a.k.a.,strong,,,,,,,29857,Moscow,,Russia
247,19672,,"GAZPROM DOBYCHA IRKUTSK, OOO",Entity,UKRAINE-EO13662,30928,,GAZPROM DOBYCHA IRKUTSK,a.k.a.,strong,30930,,OBSHCHESTVO S OGRANICHENNOI OTVETSTVENNOSTYU 'GAZPROM DOBYCHA IRKUTSK',a.k.a.,strong,,,,,,,29860,Irkutsk,Irkutskaya obl,Russia
248,19673,,"GAZMASH, AO",Entity,UKRAINE-EO13662,30937,,GAZMASH,a.k.a.,strong,30938,,AKTSIONERNOE OBSHCHESTVO 'GAZMASH',a.k.a.,strong,,,,,,,29862,St. Petersburg,,Russia
249,19674,,"GAZPROM TRANSGAZ SAMARA, OOO",Entity,UKRAINE-EO13662,30941,,GAZPROM TRANSGAZ SAMARA,a.k.a.,strong,30942,,OBSHCHESTVO S OGRANICHENNOI OTVETSTVENNOSTYU 'GAZPROM TRANSGAZ SAMARA',a.k.a.,strong,,,,,,,29864,Samara,Samarskaya obl.,Russia
250,19675,,"GAZPROM KAPITAL, OOO",Entity,UKRAINE-EO13662,30944,,GAZPROM KAPITAL,a.k.a.,strong,30945,,OBSHCHESTVO S OGRANICHENNOI OTVETSTVENNOSTYU 'GAZPROM KAPITAL',a.k.a.,strong,,,,,,,29867,Moscow,,Russia
251,19676,,"YAMALGAZINVEST, ZAO",Entity,UKRAINE-EO13662,30948,,YAMALGAZINVEST,a.k.a.,strong,30949,,ZAKRYTOE AKTSIONERNOE OBSHCHESTVO 'YAMALGAZINVEST',a.k.a.,strong,,,,,,,29869,Moscow,,Russia
252,19677,,"GAZPROM DOBYCHA URENGOI, OOO",Entity,UKRAINE-EO13662,30951,,GAZPROM DOBYCHA URENGOY,a.k.a.,strong,30952,,OBSHCHESTVO S OGRANICHENNOI OTVETSTVENNOSTYU 'GAZPROM DOBYCHA URENGOI',a.k.a.,strong,,,,,,,29871,Novy Urengoi,Yamalo-Nenetski a.o.,Russia
253,19678,,"GAZPROM GEOLOGORAZVEDKA, OOO",Entity,UKRAINE-EO13662,30954,,GAZPROM GEOLOGORAZVEDKA,a.k.a.,strong,30955,,OBSHCHESTVO S OGRANICHENNOI OTVETSTVENNOSTYU 'GAZPROM GEOLOGORAZVEDKA',a.k.a.,strong,,,,,,,29873,Tyumen,Tyumenskaya obl.,Russia
254,19681,,"GAZPROM TRANSGAZ MAKHACHKALA, OOO",Entity,UKRAINE-EO13662,30982,,GAZPROM TRANSGAZ MAKHACHKALA,a.k.a.,strong,30983,,OBSHCHESTVO S OGRANICHENNOI OTVETSTVENNOSTYU 'GAZPROM TRANSGAZ MAKHACHKALA,a.k.a.,strong,,,,,,,29878,Makhachkala,Dagestan resp.,Russia
255,19683,,"GAZPROM TRANSGAZ UFA, OOO",Entity,UKRAINE-EO13662,30997,,GAZPROM TRANSGAZ UFA,a.k.a.,strong,30999,,OBSHCHESTVO S OGRANICHENNOI OTVETSTVENNOSTYU 'GAZPROM TRANSGAZ UFA',a.k.a.,strong,,,,,,,29881,Ufa,Bashkortostan resp.,Russia
256,19684,,"VOSTOKGAZPROM, OAO",Entity,UKRAINE-EO13662,31004,,VOSTOKGAZPROM,a.k.a.,strong,31005,,OTKRYTOE AKTSIONERNOE OBSHCHESTVO 'VOSTOKGAZPROM',a.k.a.,strong,,,,,,,29883,Tomsk,Tomskaya obl.,Russia
257,19685,,"LAZURNAYA, OOO",Entity,UKRAINE-EO13662,31010,,LAZURNAYA,a.k.a.,weak,31011,,OBSHCHESTVO S OGRANICHENNOI OTVETSTVENNOSTYU 'LAZURNAYA',a.k.a.,strong,,,,,,,29890,Sochi,Krasnodarski krai,Russia
258,19686,,"GAZPROM PROMGAZ, AO",Entity,UKRAINE-EO13662,31013,,GAZPROM PROMGAZ,a.k.a.,strong,31014,,AKTSIONERNOE OBSHCHESTVO 'GAZPROM PROMGAZ',a.k.a.,strong,,,,,,,29893,Moscow,,Russia
259,19687,,"KAMCHATGAZPROM, OAO",Entity,UKRAINE-EO13662,31019,,KAMCHATGAZPROM,a.k.a.,strong,31020,,OTKRYTOE AKTSIONERNOE OBSHCHESTVO 'KAMCHATGAZPROM',a.k.a.,strong,,,,,,,29897,Petropavlovsk-Kamchatski,Kamchatski krai,Russia
260,19688,,"DALTRANSGAZ, OAO",Entity,UKRAINE-EO13662,31036,,DALTRANSGAZ,a.k.a.,strong,31037,,OTKRYTOE AKTSIONERNOE OBSHCHESTVO 'DALTRANSGAZ',a.k.a.,strong,,,,,,,29902,,Khabarovski Raion Khabarovski krai,Russia
261,19690,,"DRUZHBA, AO",Entity,UKRAINE-EO13662,31044,,DRUZHBA,a.k.a.,strong,31045,,AKTSIONERNOE OBSHCHESTVO 'DRUZHBA',a.k.a.,strong,,,,,,,29905,Moscow,,Russia
262,19691,,"KRASNOYARSKGAZPROM, PAO",Entity,UKRAINE-EO13662,31047,,KRASNOYARSKGAZPROM,a.k.a.,strong,31048,,PUBLICHNOE AKTSIONERNOE OBSHCHESTVO 'KRASNOYARSKGAZPROM',a.k.a.,strong,,,,,,,29907,Moscow,,Russia
263,19692,,"ACHIM DEVELOPMENT, OOO",Entity,UKRAINE-EO13662,31050,,ACHIM DEVELOPMENT,a.k.a.,strong,31051,,OBSHCHESTVO S OGRANICHENNOI OTVETSTVENNOSTYU 'ACHIM DEVELOPMENT',a.k.a.,strong,,,,,,,29909,Novy Urengoi,Yamalo-Nenetski a.o.,Russia
264,19989,,"SG MSK, AO",Entity,UKRAINE-EO13662,31527,,OPEN JOINT STOK COMPANY 'INSURANCE GROUP MCK',a.k.a.,strong,31528,,AKTSIONERNOE OBSHCHESTVO 'STRAKHOVAYA GRUPPA MSK',a.k.a.,strong,,,,,,,30234,Moscow,,Russia
265,19990,,"BM PROEKT, OOO",Entity,UKRAINE-EO13662,31536,,BM PROJECT LLC,a.k.a.,strong,31537,,LLC BM PROJECT,a.k.a.,weak,,,,,,,30265,Moscow,,Russia
266,19992,,LLC BALTECH,Entity,UKRAINE-EO13662,31547,,BALTECH LLC,a.k.a.,strong,31548,,OOO BALTECH,a.k.a.,strong,,,,,,,30279,Saint Petersburg,,Russia
267,19993,,BM HOLDING AG,Entity,UKRAINE-EO13662,31550,,BM HOLDING LTD,a.k.a.,strong,31551,,BM HOLDING SA,a.k.a.,strong,,,,,,,30270,Zurich,,Switzerland
268,19995,,BOM ASSET MANAGEMENT LTD,Entity,UKRAINE-EO13662,,,,,,,,,,,,,,,,,30278,Nicosia,,Cyprus
269,19996,,BOM FINANCE LTD,Entity,UKRAINE-EO13662,,,,,,,,,,,,,,,,,30281,Road Town,,"Virgin Islands, British"
270,19997,,BOM PROJECT FINANCING LTD,Entity,UKRAINE-EO13662,31557,,BOM PROJECT FINANCING LIMITED,a.k.a.,strong,,,,,,,,,,,,30283,Limassol,,Cyprus
271,19998,,CROSSPLANET LTD,Entity,UKRAINE-EO13662,,,,,,,,,,,,,,,,,30285,Nicosia,,Cyprus
272,19999,,FINANSOVY ASSISTENT CJSC,Entity,UKRAINE-EO13662,31560,,ZAO 'FINANSOVY ASSISTANT',a.k.a.,strong,31562,,CJSC 'FINANSOVY ASSISTANT',a.k.a.,strong,,,,,,,30287,Moscow,,Russia
273,20000,,"BPO PECHATNIKI, OAO",Entity,UKRAINE-EO13662,31564,,OPEN JOINT STOCK COMPANY 'BUMAZHNO-POLIGRAFICHESKOYE OBYEDINENIYE 'PECHATNIKI',a.k.a.,strong,31565,,OTKRYTOE AKTSIONERNOE OBSHCHESTVO 'BUMAZHNO-POLIGRAFICHESKOE OBEDINENIE 'PECHATNIKI',a.k.a.,strong,,,,,,,30289,Moscow,,Russia
274,20001,,UNITED COMPANY OJSC,Entity,UKRAINE-EO13662,31568,,OJSC UNITED COMPANY,a.k.a.,strong,31569,,OAO 'OBIDINENAIYA KOMANIYA',a.k.a.,strong,,,,,,,30292,St. Petersburg,,Russia
275,20002,,BM BANK PUBLIC JOINT STOCK COMPANY,Entity,UKRAINE-EO13662,58272,,BMBANK JSC,a.k.a.,strong,58273,,PUBLICHNOYE JOINT-STOCK COMPANY BM BANK,a.k.a.,strong,,,,,,,55565,Kyiv,,Ukraine
276,20003,,"LESPROMPROTSESSING, ZAO",Entity,UKRAINE-EO13662,31579,,CLOSED JOINT-STOCK COMPANY 'LESPROMPROCESSING',a.k.a.,strong,31580,,LESPROMPROCESSING CJSC,a.k.a.,strong,,,,,,,30297,Moscow,,Russia
277,20005,,"RIELTSITI, OOO",Entity,UKRAINE-EO13662,31589,,OBSHCHESTVO S GRANICHENNOI OTVETSTVENNOSTYU 'RIELTSITI',a.k.a.,strong,31590,,LIMITED LIABILITY COMPANY 'RIELTSITI',a.k.a.,strong,,,,,,,30303,Moscow,,Russia
278,20006,,"MEZHDUNARODNAYA UPRAVLYAYUSHCHAYA KOMPANIYA, AO",Entity,UKRAINE-EO13662,31595,,JOINT STOCK COMPANY 'MEZHDUNARODNAYA UPRAVLYAYUSHCHAYA KOMPANIYA',a.k.a.,strong,31596,,AKTSIONERNOE OBSHCHESTVO 'MEZHDUNARODNAYA UPRAVLYAYUSHCHAYA KOMPANIYA',a.k.a.,strong,,,,,,,30305,Moscow,,Russia
279,20007,,"BM-DIREKTSIYA, OOO",Entity,UKRAINE-EO13662,31601,,BM DIREKTSIYA LLC,a.k.a.,strong,31603,,LIMITED LIABILITY COMPANY 'BM-DIREKTSIYA',a.k.a.,strong,,,,,,,30309,Moscow,,Russia
280,20008,,OPEN JOINT STOCK COMPANY CHAYKA,Entity,UKRAINE-EO13662,31604,,PJSC CHAIKA,a.k.a.,strong,31606,,OAO CHAIKA,a.k.a.,strong,,,,,,,30308,,,Russia
281,20009,,AUTOMATED BANKING TECHNOLOGIES CJSC,Entity,UKRAINE-EO13662,31610,,CJSC 'AUTOMATED BANKING TECHNOLOGIES',a.k.a.,strong,31611,,ZAO 'AVTOMATIZIROVANNIY BANKOVSKIY TECHNOLOGII',a.k.a.,strong,,,,,,,30312,Moscow,,Russia
282,20294,,CREDIT URAL BANK,Entity,UKRAINE-EO13662,32060,,CREDIT URAL BANK JOINT-STOCK COMPANY,a.k.a.,strong,32061,,KREDIT URAL BANK OTKRYTOE AKTSIONERNOE OBSHCHESTVO,a.k.a.,strong,,,,,,,30698,Magnitogorsk,,Russia
283,20295,,GAZKARDSERVIS OOO,Entity,UKRAINE-EO13662,32064,,LIMITED LIABILITY COMPANY GAZKARDSERVIS,a.k.a.,strong,,,,,,,,,,,,30700,Moscow,,Russia
284,20296,,GAZPROM MEDIA HOLDING,Entity,UKRAINE-EO13662,32066,,JSC GAZPROM-MEDIA HOLDING,a.k.a.,strong,32067,,JOINT-STOCK COMPANY GAZPROM-MEDIA HOLDING,a.k.a.,strong,,,,,,,30702,Moscow,,Russia
285,20297,,GAZPROMBANK LEASING ZAO,Entity,UKRAINE-EO13662,32069,,CLOSED JOINT-STOCK COMPANY GAZPROMBANK LIZING,a.k.a.,strong,,,,,,,,,,,,30706,Moscow,,Russia
286,20298,,GAZPROMBANK UPRAVLENIE AKTIVAMI,Entity,UKRAINE-EO13662,32071,,GAZPROMBANK ASSET MANAGEMENT ZAO,a.k.a.,strong,32072,,CLOSED JOINT-STOCK COMPANY GAZPROMBANK-UPRAVLENIE AKTIVAMI,a.k.a.,strong,,,,,,,30709,Moscow,,Russia
287,20299,,GPB-FACTORING OOO,Entity,UKRAINE-EO13662,32074,,LIMITED LIABILITY COMPANY GPB-FAKTORING,a.k.a.,strong,,,,,,,,,,,,30712,Moscow,,Russia
288,20300,,GPB INVEST OOO,Entity,UKRAINE-EO13662,32076,,LIMITED LIABILITY COMPANY GAZPROMBANK-INVEST,a.k.a.,strong,,,,,,,,,,,,30715,Moscow,,Russia
289,20301,,NEW FINANCIAL TECHNOLOGIES OOO,Entity,UKRAINE-EO13662,32078,,CLOSED JOINT-STOCK COMPANY NOVYE FINANSOVYE TEKHNOLOGII,a.k.a.,strong,32079,,ZAO NOVYE FINANSOVYE TEKHNOLOGII,a.k.a.,strong,,,,,,,30718,Moscow,,Russia
290,20302,,PO URALENERGOMONTAZH ZAO,Entity,UKRAINE-EO13662,32081,,PO UEM JSC,a.k.a.,weak,32083,,AO PROIZVODSTVENNOE OBYEDINENIE 'URALENERGOMONTAZH',a.k.a.,strong,,,,,,,30721,Ekaterinburg,,Russia
291,20303,,GPB-MORTGAGE JSC,Entity,UKRAINE-EO13662,32085,,JOINT-STOCK BANK GPB-MORTGAGE CLOSED JOINT STOCK COMPANY,a.k.a.,strong,32086,,"GPB-IPOTEKA OAO, AB",a.k.a.,strong,,,,,,,30731,Moscow,,Russia
292,20304,,IZ KARTEKS OOO,Entity,UKRAINE-EO13662,32088,,IZ-KARTEX NAMED AFTER P.G. KOROBKOV LTD,a.k.a.,strong,,,,,,,,,,,,30733,Saint-Petersburg,,Russia
293,20305,,IZHORSKIYE ZAVODY OAO,Entity,UKRAINE-EO13662,32090,,OPEN JOINT STOCK COMPANY IZHORSKIE ZAVODY,a.k.a.,strong,,,,,,,,,,,,30736,Saint-Petersburg,,Russia
294,20306,,KRIOGENMASH OAO,Entity,RUSSIA-EO14024,32092,,CRYOGENMASH,a.k.a.,strong,32093,,OPEN JOINT-STOCK COMPANY KRIOGENNOGO MASHINOSTROYENIA,a.k.a.,strong,,,,,,,30739,Balashikha,Moscow Region,Russia
295,20307,,OMZ OAO,Entity,UKRAINE-EO13662,32095,,OBYEDINYONNYE MASHINOSTROITELNYE ZAVODY (GRUPPA URALMASH-IZHORA),a.k.a.,strong,,,,,,,,,,,,30743,Moscow,,Russia
296,20308,,OMZ SPETSSTAL OOO,Entity,UKRAINE-EO13662,32097,,LIMITED LIABILITY COMPANY OMZ-SPETSSTAL,a.k.a.,strong,32098,,OMZ-SPECIAL STEELS,a.k.a.,strong,,,,,,,30746,St. Petersburg,,Russia
297,20309,,URALMASHZAVOD OAO,Entity,UKRAINE-EO13662,32100,,URALMASHPLANT,a.k.a.,strong,,,,,,,,,,,,30749,Ekaterinburg,,Russia
298,20311,,AREXIMBANK-GAZPROMBANK GROUP CJSC,Entity,UKRAINE-EO13662,32103,,ARMENIAN-RUSSIAN EXPORT-IMPORT BANK-GAZPROMBANK GROUP CLOSED JOINT-STOCK COMPANY,a.k.a.,strong,,,,,,,,,,,,30752,Yerevan,,Armenia
299,20312,,GAZPROMBANK (SWITZERLAND) LTD,Entity,UKRAINE-EO13662,,,,,,,,,,,,,,,,,30755,Zurich,,Switzerland
300,20313,,CENTREX EUROPE ENERGY AND GAS AG,Entity,UKRAINE-EO13662,32188,,CENTREX EUROPE ENERGY & GAS AG,a.k.a.,strong,,,,,,,,,,,,30759,Vienna,,Austria
301,20314,,GPB-DI HOLDINGS LIMITED,Entity,UKRAINE-EO13662,32107,,SIRITIA VENTURES LTD,a.k.a.,strong,,,,,,,,,,,,30761,Nicosia,,Cyprus
302,20315,,GPB FINANCIAL SERVICES LIMITED,Entity,UKRAINE-EO13662,,,,,,,,,,,,,,,,,30763,Limassol,,Cyprus
303,20316,,GPB GLOBAL RESOURCES BV,Entity,UKRAINE-EO13662,,,,,,,,,,,,,,,,,30766,Amsterdam,,Netherlands
304,20317,,GPB INTERNATIONAL SA,Entity,UKRAINE-EO13662,,,,,,,,,,,,,,,,,30768,Luxembourg,,Luxembourg
305,20318,,NAGELFAR TRADE AND INVEST LIMITED,Entity,UKRAINE-EO13662,32187,,NAGELFAR TRADE & INVEST LIMITED,a.k.a.,strong,,,,,,,,,,,,30770,Tortola,,"Virgin Islands, British"
306,20319,,GAZPROMBANK LATIN AMERICA VENTURES BV,Entity,UKRAINE-EO13662,,,,,,,,,,,,,,,,,30773,Amsterdam,Noord-Holland,Netherlands
307,20621,,"TD AGROTORG, OOO",Entity,UKRAINE-EO13662,32576,,OBSHCHESTVO S OGRANICHENNOI OTVETSTVENNOSTYU 'TORGOVY' DOM 'AGROTORG',a.k.a.,strong,32577,,TRADING COMPANY 'AGROTORG' LTD.,a.k.a.,strong,,,,,,,31269,Moscow,,Russia
308,20640,,"RASSVET, OAO",Entity,UKRAINE-EO13662,32579,,OTKRYTOE AKTSIONERNOE OBSHCHESTVO 'RASSVET',a.k.a.,strong,32580,,OAO 'RASSVET',a.k.a.,strong,,,,,,,31271,Luzhski Raion,Leningradskaya Obl.,Russia
309,20660,,"AGROKREDIT-INFORM, AO",Entity,UKRAINE-EO13662,32597,,AKTSIONERNOE OBSHCHESTVO 'AGROKREDIT-INFORM',a.k.a.,strong,32598,,CLOSED JOINT-STOCK COMPANY 'AGROCREDIT-INFORM',a.k.a.,strong,,,,,,,31290,Moscow,,Russia
310,20661,,"UMANSKI ELEVATOR, OAO",Entity,UKRAINE-EO13662,32600,,OTKRYTOE AKTSIONERNOE OBSHCHESTVO 'UMANSKI ELEVATOR',a.k.a.,strong,32601,,OPEN JOINT STOCK COMPANY 'UMANSKIY ELEVATOR',a.k.a.,strong,,,,,,,31292,Leningradski Raion,Krasnodarski Kr.,Russia
311,20662,,"BELOGLINSKI ELEVATOR, OAO",Entity,UKRAINE-EO13662,32604,,OTKRYTOE AKTSIONERNOE OBSHCHESTVO 'BELOGLINSKI ELEVATOR',a.k.a.,strong,32605,,OAO 'BELOGLINSKI ELEVATOR',a.k.a.,strong,,,,,,,31294,Beloglinski Raion,Krasnodarski Kr.,Russia
312,20665,,"LADOZHSKI ELEVATOR, OAO",Entity,UKRAINE-EO13662,32618,,OTKRYTOE AKTSIONERNOE OBSHCHESTVO 'LADOZHSKI ELEVATOR',a.k.a.,strong,32620,,OAO 'LADOZHSKI ELEVATOR',a.k.a.,strong,,,,,,,31299,Ust-Labinski Raion,Krasnodarski Kr.,Russia
313,20666,,"VELICHKOVSKI ELEVATOR, OAO",Entity,UKRAINE-EO13662,32629,,OTKRYTOE AKTSIONERNOE OBSHCHESTVO 'VELICHKOVSKI ELEVATOR',a.k.a.,strong,32630,,OPEN JOINT STOCK COMPANY 'VELICHKOVSKIY ELEVATOR',a.k.a.,strong,,,,,,,31302,Kalininski Raion,Karsnodarski Kr.,Russia
314,20667,,"EYANSKI ELEVATOR, OAO",Entity,UKRAINE-EO13662,32633,,OTKRYTOE AKTSIONERNOE OBSHCHESTVO 'EYANSKI ELEVATOR',a.k.a.,strong,32634,,OPEN JOINT STOCK COMPANY 'EYANSKI ELEVATOR',a.k.a.,strong,,,,,,,31304,Novopokrovski Raion,Krasnodarski Kr.,Russia
315,20668,,"KHOMYAKOVSKI KHLADOKOMBINAT, ZAO",Entity,UKRAINE-EO13662,32637,,ZAKRYTOE AKTSIONERNOE OBSHCHESTVO 'KHOMYAKOVSKI KHLADOKOMBINAT',a.k.a.,strong,32638,,CLOSED JOINT STOCK COMPANY 'HOMIAKOVSKIY COLD STORAGE COMPLEX',a.k.a.,strong,,,,,,,31306,Tula,Tulskaya Obl.,Russia
316,20669,,"MALOROSSISKI ELEVATOR, OAO",Entity,UKRAINE-EO13662,32641,,OTKRYTOE AKTSIONERNOE OBSHCHESTVO 'MALOROSSISKI ELEVATOR',a.k.a.,strong,32642,,OPEN JOINT STOCK COMPANY 'MALOROSSIYSKIY ELEVATOR',a.k.a.,strong,,,,,,,31308,Tikhoretski Raion,Krasnodarski Kr.,Russia
317,20670,,"KRYLOVSKI ELEVATOR, OAO",Entity,UKRAINE-EO13662,32645,,OTKRYTOE AKTSIONERNOE OBSHCHESTVO 'KRYLOVSKI ELVATOR',a.k.a.,strong,32646,,OAO 'KRYLOVSKI ELEVATOR',a.k.a.,strong,,,,,,,31310,Krylovski Raion,Krasnodarski Kr.,Russia
318,20671,,"ROVNENSKI ELEVATOR, OAO",Entity,UKRAINE-EO13662,32650,,OTKRYTOE AKTSIONERNOE OBSHCHESTVO 'ROVNENSKI ELEVATOR',a.k.a.,strong,32651,,OAO 'ROVNENSKI ELEVATOR',a.k.a.,strong,,,,,,,31312,Novopokrovski Raion,Krasnodarski Kr.,Russia
319,20672,,"STEPNYANSKI ELEVATOR, OAO",Entity,UKRAINE-EO13662,32655,,OTKRYTOE AKTSIONERNOE OBSHCHESTVO 'STEPNYANSKI ELEVATOR',a.k.a.,strong,32656,,OAO 'STEPNYANSKI ELEVATOR',a.k.a.,strong,,,,,,,31314,Kushchevski Raion,Krasnodarski Kr.,Russia
320,20673,,"ALBASHSKI ELEVATOR, OAO",Entity,UKRAINE-EO13662,32660,,OTKRYTOE AKTSIONERNOE OBSHCHESTVO 'ALBASHSKI ELEVATOR',a.k.a.,strong,32661,,OAO 'ALBASHSKI ELEVATOR',a.k.a.,strong,,,,,,,31316,Kanevskoi Raion,Krasnodarski Kr.,Russia
321,20675,,"NOVATEK-UST-LUGA, OOO",Entity,UKRAINE-EO13662,32666,,OBSHCHESTVO S OGRANICHENNOI OTVETSTVENNOSTYU 'NOVATEK-UST-LUGA',a.k.a.,strong,32667,,OOO 'NOVATEK-UST-LUGA',a.k.a.,strong,,,,,,,31320,Kingiseppski Raion,Leningradskaya Obl.,Russia
322,20676,,"SHERVUD PREMER, OOO",Entity,UKRAINE-EO13662,32669,,OBSHCHESTVO S OGRANICHENNOI OTVETSTVENNOSTYU 'SHERVUD PREMER',a.k.a.,strong,32670,,SHERVUD PREMIER OOO,a.k.a.,strong,,,,,,,31322,Moscow,,Russia
323,20677,,"NOVATEK-TARKOSALENEFTEGAZ, OOO",Entity,UKRAINE-EO13662,32672,,OBSHCHESTVO S OGRANICHENNOI OTVETSTVENNOSTYU 'NOVATEK-TARKOSALENEFTEGAZ',a.k.a.,strong,32673,,OBSHCHESTVO S OGRANICHENNOI OTVETSTVENNOSTYU PUR LEND,f.k.a.,strong,,,,,,,31324,Purovski Raion,Yamalo-Nentski Okr.,Russia
324,20678,,"NOVATEK SEVERO-ZAPAD, OOO",Entity,UKRAINE-EO13662,32675,,OBSHCHESTVO S OGRANICHENNOI OTVETSTVENNOSTYU 'NOVATEK SEVERO-ZAPAD',a.k.a.,strong,32676,,LIMITED LIABILITY COMPANY 'NOVATEK NORTH-WEST',a.k.a.,strong,,,,,,,31326,St. Petersburg,,Russia
325,20679,,"NOVATEK-PUROVSKI ZPK, OOO",Entity,UKRAINE-EO13662,32678,,OBSHCHESTVO S OGRANICHENNOI OTVETSTVENNOSTYU 'NOVATEK-PUROVSKI ZPK',a.k.a.,strong,32679,,NOVA ZPK OOO,f.k.a.,strong,,,,,,,31328,Purovski Raion,Yamalo-Nenetski Okr.,Russia
326,20680,,"NOVATEK-TRANSERVIS, OOO",Entity,UKRAINE-EO13662,32681,,OBSHCHESTVO S OGRANICHENNOI OTVETSTVENNOSTYU 'NOVATEK-TRANSERVIS',a.k.a.,strong,32838,,OOO NOVATEK-TRANSERVICE,a.k.a.,strong,,,,,,,31330,Purovski Raion,Yamalo-Nenetski Okr.,Russia
327,20681,,"NOVATEK-PERM, OOO",Entity,UKRAINE-EO13662,32683,,OBSHCHESTVO S OGRANICHENNOI OTVETSTVENNOSTYU 'NOVATEK-PERM',a.k.a.,strong,32684,,OOO 'NOVATEK-PERM',a.k.a.,strong,,,,,,,31332,Perm,Permski Kr.,Russia
328,20683,,"NOVATEK-CHELYABINSK, OOO",Entity,UKRAINE-EO13662,32688,,OBSHCHESTVO S OGRANICHENNOI OTVETSTVENNOSTYU 'NOVATEK- CHELYABINSK',a.k.a.,strong,32689,,YAMALGAZRESURS-CHELYABINSK OOO,f.k.a.,strong,,,,,,,31336,Chelyabinsk,Chelyabinskaya Obl.,Russia
329,20684,,"NOVATEK-YARSALENEFTEGAZ, OOO",Entity,UKRAINE-EO13662,32691,,OBSHCHESTVO S OGRANICHENNOI OTVETSTVENNOSTYU 'NOVATEK-YARSALENEFTEGAZ',a.k.a.,strong,,,,,,,,,,,,31338,Salekhard,Yamalo-Nenetski Okr.,Russia
330,20685,,"NOVATEK-KOSTROMA, OOO",Entity,UKRAINE-EO13662,32693,,OBSHCHESTVO S OGRANICHENNOI OTVETSTVENNOSTYU 'NOVATEK-KOSTROMA',a.k.a.,strong,32694,,OBSHCHESTVO S OGRANICHENNOI OTVETSTVENNOSTYU KOSTROMSKAYA REGIONALNAYA KOMPANIYA PO REALIZATSII GAZA,f.k.a.,strong,,,,,,,31340,Kostroma,Kostromskaya Obl.,Russia
331,20686,,"TERNEFTEGAZ, ZAO",Entity,UKRAINE-EO13662,32842,,ZAO TERNEFTGAS,a.k.a.,strong,,,,,,,,,,,,31342,Krasnoselkupski Raion,Yamalo-Nenetski A.O.,Russia
332,20687,,"YARGEO, OOO",Entity,UKRAINE-EO13662,32697,,OBSHCHESTVO S OGRANICHENNOI OTVETSTVENNOSTYU 'YARGEO',a.k.a.,strong,32843,,OOO YARGEO,a.k.a.,strong,,,,,,,31344,Nadym,Yamalo-Nenetski Okr.,Russia
333,22383,,"TRANSNEFT FINANS, OOO",Entity,UKRAINE-EO13662,35192,,OBSHCHESTVO S OGRANICHENNOI OTVETSTVENNOSTYU 'TRANSNEFT FINANS',a.k.a.,strong,35193,,TRANSNEFT FINANCE LIMITED,a.k.a.,strong,,,,,,,33848,Moscow,,Russia
334,22384,,"TRANSNEFT-MEDIA, OOO",Entity,UKRAINE-EO13662,35196,,OBSHCHESTVO S OGRANICHENNOI OTVETSTVENNOSTYU 'TRANSNEFT - MEDIA',a.k.a.,strong,35197,,LLC 'TRANSPRESS',a.k.a.,strong,,,,,,,33850,Moscow,,Russia
335,22385,,"TRANSNEFT-PRIVOLGA, AO",Entity,UKRAINE-EO13662,35200,,AKTSIONERNOE OBSHCHESTVO 'TRANSNEFT-PRIVOLGA',a.k.a.,strong,35201,,JSC PRIVOLZHSKNEFTEPROVOD,a.k.a.,strong,,,,,,,33852,Samara,Samarskaya Obl.,Russia
336,22386,,"TRANSNEFT-SIBIR, AO",Entity,UKRAINE-EO13662,35204,,AKTSIONERNOE OBSHCHESTVO 'TRANSNEFT - SIBIR',a.k.a.,strong,35205,,"TRANSNEFT SIBIRIA, JSC",a.k.a.,strong,,,,,,,33854,Tyumen,Tyumenskaya Obl.,Russia
337,22387,,"DSD, OOO",Entity,UKRAINE-EO13662,35209,,OBSHCHESTVO S OGRANICHENNOI OTVETSTVENNOSTYU 'DALNEVOSTOCHNAYA STROITELNAYA DIREKTSIYA',a.k.a.,strong,35210,,LLC 'DSD',a.k.a.,weak,,,,,,,33856,Khabarovsk,Khabarovski Kr.,Russia
338,22388,,"SVYAZTRANSNEFT, AO",Entity,UKRAINE-EO13662,35213,,AKTSIONERNOE OBSHCHESTVO 'SVYAZ OBEKTOV TRANSPORTA I DOBYCHI NEFTI',a.k.a.,strong,35214,,JSC 'SVYAZTRANSNEFT',a.k.a.,strong,,,,,,,33858,Moscow,,Russia
339,22389,,"TRANSNEFT-URAL, AO",Entity,UKRAINE-EO13662,35217,,AKTSIONERNOE OBSHCHESTVO 'TRANSNEFT - URAL',a.k.a.,strong,35218,,JSC 'URALSIBNEFTEPROVOD',a.k.a.,strong,,,,,,,33860,Ufa,Bashkortostan Resp.,Russia
340,22390,,"TRANSNEFTEPRODUKT, PAO",Entity,UKRAINE-EO13662,35221,,AKTSIONERNOE OBSHCHESTVO 'TRANSNEFTEPRODUKT',a.k.a.,strong,35222,,TRANSNEFTEPRODUCT JOINT-STOCK CO,a.k.a.,strong,,,,,,,33862,Moscow,,Russia
341,22391,,"TRANSNEFT-DRUZHBA, AO",Entity,UKRAINE-EO13662,35227,,AKTSIONERNOE OBSHCHESTVO 'TRANSNEFT - DRUZHBA',a.k.a.,strong,35228,,JSC 'DRUZHBA',a.k.a.,strong,,,,,,,33864,Bryansk,Bryanskaya Obl.,Russia
342,22392,,"GIPROTRUBOPROVOD, AO",Entity,UKRAINE-EO13662,35231,,AKTSIONERNOE OBSHCHESTVO 'INSTITUT PO PROEKTIROVANIYU MAGISTRALNYKH TRUBOPROVODOV',a.k.a.,strong,35232,,OJSC 'GIPROTRUBOPROVOD',a.k.a.,strong,,,,,,,33866,Moscow,,Russia
343,22393,,"CHERNOMORTRANSNEFT, AO",Entity,UKRAINE-EO13662,35235,,AKTSIONERNOE OBSHCHESTVO 'CHERNOMORSKIE MAGISTRALNYE NEFTEPROVODY',a.k.a.,strong,35236,,JSC 'CHERNOMORTRANSNEFT',a.k.a.,strong,,,,,,,33868,Novorossisk,Krasnodarski Kr.,Russia
344,22394,,"TSUP VSTO, OOO",Entity,UKRAINE-EO13662,35239,,OBSHCHESTVO S OGRANICHENNOI OTVETSTVENNOSTYU 'TSENTR UPRAVLENIYA PROEKTOM 'VOSTOCHNAYA SIBIR - TIKHI OKEAN',a.k.a.,strong,35240,,LLC TSUP VSTO,a.k.a.,strong,,,,,,,33870,Angarsk,Irkutskaya Obl.,Russia
345,22395,,"TRANSNEFT-TSENTRALNAYA SIBIR, AO",Entity,UKRAINE-EO13662,35243,,AKTSIONERNOE OBSHCHESTVO 'TRANSNEFT - TSENTRALNAYA SIBIR',a.k.a.,strong,35244,,JSC 'TSENTRSIBNEFTEPROVOD',a.k.a.,strong,,,,,,,33872,Tomsk,Tomskaya Obl.,Russia
346,22396,,"TRANSNEFT-SEVER, AO",Entity,UKRAINE-EO13662,35247,,AKTSIONERNOE OBSHCHESTVO 'TRANSNEFT - SEVER',a.k.a.,strong,35248,,JSC 'SMN',a.k.a.,weak,,,,,,,33874,Ukhta,Komi Resp.,Russia
347,22397,,"TRANSNEFT-OKHRANA, OOO",Entity,UKRAINE-EO13662,35251,,OBSHCHESTVO S OGRANICHENNOI OTVETSTVENNOSTYU 'TRANSNEFT-OKHRANA',a.k.a.,strong,,,,,,,,,,,,33876,Moscow,,Russia
348,22398,,"TRANSNEFT-PODVODSERVIS, AO",Entity,UKRAINE-EO13662,35253,,AKTSIONERNOE OBSHCHESTVO 'TRANSNEFT-PODVODSERVIS',a.k.a.,strong,35254,,JSC 'VOLZHSKY PODVODNIK',a.k.a.,strong,,,,,,,33878,Nizhni Novgorod,Nizhegorodskaya Obl.,Russia
349,22399,,"TRANSNEFT-DIASKAN, AO",Entity,UKRAINE-EO13662,35257,,AKTSIONERNOE OBSHCHESTVO 'TRANSNEFT - DIASKAN',a.k.a.,strong,35258,,JSC 'TRANSNEFT-DIASCAN',a.k.a.,strong,,,,,,,33881,Lukhovitsy,Raion Moskovskaya Obl.,Russia
350,22400,,"NPF TRANSNEFT, AO",Entity,UKRAINE-EO13662,35262,,AKTSIONERNOE OBSHCHESTVO 'NEGOSUDARSTVENNY PENSIONNY FOND 'TRANSNEFT',a.k.a.,strong,,,,,,,,,,,,33883,Moscow,,Russia
351,22401,,"TRANSNEFT-METROLOGIYA, AO",Entity,UKRAINE-EO13662,35264,,AKTSIONERNOE OBSHCHESTVO 'TRANSNEFTMETROLOGIYA',a.k.a.,strong,35265,,CJSC 'CENTRE MO',a.k.a.,strong,,,,,,,33885,Moscow,,Russia
352,22402,,"TRANSNEFT-PRIKAME, AO",Entity,UKRAINE-EO13662,35268,,AKTSIONERNOE OBSHCHESTVO 'TRANSNEFT - PRIKAME',a.k.a.,strong,35269,,TRANSNEFT-PRIKAMYE AO,a.k.a.,strong,,,,,,,33887,Kazan,Tatarstan Resp.,Russia
353,23552,,LENGIPRONEFTEKHIM OOO,Entity,UKRAINE-EO13662,37105,,LLC LENGIPRONEFTEKHIM,a.k.a.,strong,37106,,LIMITED LIABILITY COMPANY OIL REFINING AND PETROCHEMICAL FACILITIES DESIGN INSTITUTE,a.k.a.,strong,,,,,,,35606,St. Petersburg,,Russia
354,23554,,SURGUTMEBEL OOO,Entity,UKRAINE-EO13662,37119,,"SURGUTMEBEL, LLC",a.k.a.,strong,37120,,LLC SURGUTMEBEL,a.k.a.,strong,,,,,,,35614,Yugra,Khanty-Mansiysky Autonomous Okrug,Russia
355,23557,,MEDIA-INVEST OOO,Entity,UKRAINE-EO13662,37125,,LLC MEDIA-INVEST,a.k.a.,strong,37126,,LIMITED LIABILITY COMPANY MEDIA-INVEST,a.k.a.,strong,,,,,,,35620,Moscow,,Russia
356,23559,,PSKOVNEFTEPRODUKT OOO,Entity,UKRAINE-EO13662,37130,,LLC PSKOVNEFTEPRODUCT,a.k.a.,strong,37131,,LIMITED LIABILITY COMPANY MARKETING ASSOCIATION PSKOVNEFTEPRODUCT,a.k.a.,strong,,,,,,,35623,Pskov,,Russia
357,23562,,NOVGORODNEFTEPRODUKT OOO,Entity,UKRAINE-EO13662,37138,,LLC NOVGORODNEFTEPRODUCT,a.k.a.,strong,37139,,NOVGORODNEFTEPRODUKT LLC,a.k.a.,strong,,,,,,,35630,Veliky Novgorod,Novgorodskaya Oblast,Russia
358,23566,,SOVKHOZ CHERVISHEVSKI PAO,Entity,UKRAINE-EO13662,37153,,OJSC SOVKHOZ CHERVISHEVSKY,a.k.a.,strong,37154,,"SOVKHOZ CHERVISHEVSKY, JSC",a.k.a.,strong,,,,,,,35639,Tyumensky Rayon,Tyumenskaya Oblast,Russia
359,23568,,KINEF OOO,Entity,UKRAINE-EO13662,37158,,LLC KINEF,a.k.a.,strong,37159,,"KINEF, LLC",a.k.a.,strong,,,,,,,35641,Kirishi,Leningradskaya Oblast,Russia
360,23569,,KALININGRADNEFTEPRODUKT OOO,Entity,UKRAINE-EO13662,37162,,KALININGRADNEFTEPRODUKT LLC,a.k.a.,strong,37163,,LLC KALININGRADNEFTEPRODUCT,a.k.a.,strong,,,,,,,35643,Kaliningrad,,Russia
361,23570,,SO TVERNEFTEPRODUKT OOO,Entity,UKRAINE-EO13662,37166,,LLC MA TVERNEFTEPRODUCT,a.k.a.,strong,37167,,LIMITED LIABILITY COMPANY MARKETING ASSOCIATION TVERNEFTEPRODUCT,a.k.a.,strong,,,,,,,35645,Tver,,Russia
362,23571,,STRAKHOVOVE OBSHCHESTVO SURGUTNEFTEGAZ OOO,Entity,UKRAINE-EO13662,37169,,LLC INSURANCE COMPANY SURGUTNEFTEGAS,a.k.a.,strong,37170,,"INSURANCE COMPANY SURGUTNEFTEGAS, LLC",a.k.a.,strong,,,,,,,35647,Surgut,,Russia
363,23572,,KIRISHIAVTOSERVIS OOO,Entity,UKRAINE-EO13662,37173,,LLC KIRISHIAVTOSERVIS,a.k.a.,strong,37174,,LIMITED LIABILITY COMPANY KIRISHIAVTOSERVIS,a.k.a.,strong,,,,,,,35649,St. Petersburg,,Russia
364,23577,,SNGB AO,Entity,UKRAINE-EO13662,37183,,CLOSED JOINT STOCK COMPANY SURGUTNEFTEGASBANK (ZAO SNGB),a.k.a.,strong,37184,,JOINT STOCK COMPANY SURGUTNEFTEGASBANK,a.k.a.,strong,,,,,,,35658,Surgut,,Russia
365,26182,Evren,KAYAKIRAN,Individual,FSE-IR,,,,,,,,,,,30602,08 Feb 1980,true,,,,39691,,,Turkey
366,27016,,PRESIDENCY OF DEFENSE INDUSTRIES,Entity,CAATSA - RUSSIA,42778,,DEFENSE INDUSTRIES PRESIDENCY,a.k.a.,strong,42779,,UNDERSECRETARIAT FOR DEFENSE INDUSTRIES,f.k.a.,strong,,,,,,,41053,Ankara,,Turkey
367,28603,,TNK TRADING INTERNATIONAL S.A.,Entity,VENEZUELA-EO13850,,,,,,,,,,,,,,,,,43253,Geneve,,Switzerland
368,30882,,CHINA TELECOM CORPORATION LIMITED,Entity,CMIC-EO13959,50530,,CHINA TELECOM,a.k.a.,strong,50531,,"CHINA TELECOM CO., LTD",a.k.a.,strong,,,,,,,48464,Beijing,,China
369,30902,,AERO ENGINE CORPORATION OF CHINA,Entity,CMIC-EO13959,48589,,AERO ENGINE CORP OF CHINA,a.k.a.,strong,50453,,AECC,a.k.a.,weak,,,,,,,48389,Beijing,,China
370,30923,,CHINA MOBILE LIMITED,Entity,CMIC-EO13959,50613,,CHINA MOBILE LTD,a.k.a.,strong,,,,,,,,,,,,48543,,Hong Kong,China
371,30924,,CHINA UNICOM (HONG KONG) LIMITED,Entity,CMIC-EO13959,50615,,CHINA UNICOM LIMITED,f.k.a.,strong,,,,,,,,,,,,48545,Hong Kong,,China
372,30925,,"AVIATION INDUSTRY CORPORATION OF CHINA, LTD.",Entity,CMIC-EO13959,50464,,AVIATION INDUSTRY CORP OF CHINA,a.k.a.,strong,50466,,AVIATION INDUSTRY OF CHINA,a.k.a.,strong,,,,,,,48406,Beijing,,China
373,30926,,CNOOC LIMITED,Entity,CMIC-EO13959,50614,,CNOOC LTD,a.k.a.,strong,,,,,,,,,,,,48544,Hong Kong,,China
374,30927,,CHINA ACADEMY OF LAUNCH VEHICLE TECHNOLOGY,Entity,CMIC-EO13959,50485,,CALT,a.k.a.,weak,,,,,,,,,,,,48423,Beijing,,China
375,30928,,CHINA AEROSPACE SCIENCE AND INDUSTRY CORPORATION LIMITED,Entity,CMIC-EO13959,48621,,CHINA AEROSPACE SCIENCE AND INDUSTRY CORPORATION,a.k.a.,strong,50495,,CASIC,a.k.a.,strong,,,,,,,48432,Beijing,,China
376,30929,,CHINA AEROSPACE SCIENCE AND TECHNOLOGY CORPORATION,Entity,CMIC-EO13959,50486,,CASC,a.k.a.,weak,,,,,,,,,,,,48425,Beijing,,China
377,30930,,CHINA COMMUNICATIONS CONSTRUCTION COMPANY LIMITED,Entity,CMIC-EO13959,48627,,CHINA COMMUNICATIONS CONSTRUCTION CO LTD,a.k.a.,strong,50525,,CHINA COMMUNICATIONS CONSTRUCTION COMPANY LTD,a.k.a.,strong,,,,,,,48458,Beijing,,China
378,30932,,CHINA ELECTRONICS CORPORATION,Entity,CMIC-EO13959,50494,,CEC,a.k.a.,weak,,,,,,,,,,,,48431,Beijing,,China
379,30933,,CHINA SOUTH INDUSTRIES GROUP CORPORATION,Entity,CMIC-EO13959,48632,,"CHINA SOUTH INDUSTRIES GROUP CO., LTD.",a.k.a.,strong,50492,,CSIGC,a.k.a.,weak,,,,,,,48449,Beijing,,China
380,30934,,"CHINA SPACESAT CO., LTD.",Entity,CMIC-EO13959,50487,,CHINA SPACESAT,a.k.a.,strong,,,,,,,,,,,,48426,Beijing,,China
381,30936,,CHINA ELECTRONICS TECHNOLOGY GROUP CORPORATION,Entity,CMIC-EO13959,48639,,CETC,a.k.a.,weak,,,,,,,,,,,,48492,Beijing,,China
382,30937,,CHINA GENERAL NUCLEAR POWER CORPORATION,Entity,CMIC-EO13959,48642,,CHINA GENERAL NUCLEAR POWER CORP,a.k.a.,strong,50554,,CGN,a.k.a.,weak,,,,,,,48482,Shenzhen,Guangdong,China
383,30938,,CHINA STATE SHIPBUILDING CORPORATION LIMITED,Entity,CMIC-EO13959,48644,,CHINA STATE SHIPBUILDING CORPORATION,a.k.a.,strong,50514,,CHINA SHIPBUILDING CORPORATION,a.k.a.,strong,,,,,,,48451,Shanghai,,China
384,30939,,CHINA TELECOMMUNICATIONS CORPORATION,Entity,CMIC-EO13959,48646,,CHINA TELECOM,a.k.a.,strong,48647,,"CHINA TELECOM GROUP CO., LTD.",a.k.a.,strong,,,,,,,48463,Beijing,,China
385,30942,,"CHINA UNITED NETWORK COMMUNICATIONS GROUP CO., LTD.",Entity,CMIC-EO13959,48654,,CHINA UNITED NETWORK COMMUNICATIONS GROUP COMPANY LIMITED,a.k.a.,strong,50528,,CHINA UNICOM,a.k.a.,strong,,,,,,,48462,Beijing,,China
386,30944,,"CHINA MOBILE COMMUNICATIONS GROUP CO., LTD.",Entity,CMIC-EO13959,48665,,CHINA MOBILE,a.k.a.,strong,,,,,,,,,,,,48461,Beijing,,China
387,30946,,"HANGZHOU HIKVISION DIGITAL TECHNOLOGY CO., LTD.",Entity,CMIC-EO13959,48662,,HIKVISION,a.k.a.,strong,48893,,HANGZHOU HIKVISION DIGITAL TECHNOLOGY,a.k.a.,strong,,,,,,,48429,Hangzhou,,China
388,30947,,"HUAWEI TECHNOLOGIES CO., LTD.",Entity,CMIC-EO13959,48664,,HUAWEI INVESTMENT & HOLDING CO LTD,a.k.a.,strong,,,,,,,,,,,,48459,Guangdong,Shenzhen,China
389,30949,,"INSPUR GROUP CO., LTD.",Entity,CMIC-EO13959,48671,,INSPUR GROUP,a.k.a.,strong,,,,,,,,,,,,48460,Jinan,Shandong,China
390,30950,,"PANDA ELECTRONICS GROUP CO., LTD.",Entity,CMIC-EO13959,50488,,PANDA ELECTRONICS GROUP LIMITED,a.k.a.,strong,,,,,,,,,,,,48428,Nanjing,Jiangsu,China
391,30951,,SEMICONDUCTOR MANUFACTURING INTERNATIONAL CORPORATION,Entity,CMIC-EO13959,48676,,SEMICONDUCTOR MFG INTL CORP,a.k.a.,strong,50629,,SEMICONDUCTOR MANUFACTURING INTERNATIONAL CORPORATION LIMITED,a.k.a.,strong,,,,,,,48561,Shanghai,,China
392,30954,,CHINA NATIONAL NUCLEAR CORPORATION,Entity,CMIC-EO13959,48890,,CHINA NATIONAL NUCLEAR CORP,a.k.a.,strong,50557,,CNNC,a.k.a.,weak,,,,,,,48484,Beijing,,China
393,30956,,CHINA NATIONAL OFFSHORE OIL CORPORATION,Entity,CMIC-EO13959,48894,,CHINA NATIONAL OFFSHORE OIL CORP.,a.k.a.,strong,50504,,CNOOC,a.k.a.,strong,,,,,,,48439,Beijing,,China
394,30957,,CHINA NORTH INDUSTRIES GROUP CORPORATION LIMITED,Entity,CMIC-EO13959,48687,,NORINCO,a.k.a.,strong,48688,,CHINA NORTH INDUSTRIES GROUP CORPORATION,a.k.a.,strong,,,,,,,48430,Beijing,,China
395,30958,,CHINA NUCLEAR ENGINEERING CORPORATION LIMITED,Entity,CMIC-EO13959,48690,,CHINA NUCLEAR ENGINEERING & CONSTRUCTION CORP LTD,a.k.a.,strong,50550,,CNECC,a.k.a.,weak,,,,,,,48481,Beijing,,China
396,30959,,CHINA RAILWAY CONSTRUCTION CORPORATION LIMITED,Entity,CMIC-EO13959,50556,,CRCC,a.k.a.,weak,,,,,,,,,,,,48483,Beijing,,China
397,31693,,NATIONAL WEALTH FUND OF THE RUSSIAN FEDERATION,Entity,RUSSIA-EO14024,,,,,,,,,,,,,,,,,47735,Moscow,,Russia
398,31694,,MINISTRY OF FINANCE OF THE RUSSIAN FEDERATION,Entity,RUSSIA-EO14024,,,,,,,,,,,,,,,,,47732,Moscow,,Russia
399,31695,,CENTRAL BANK OF THE RUSSIAN FEDERATION,Entity,RUSSIA-EO14024,49722,,"BANK ROSSI, FEDERAL STATE BUDGETARY INSTITUTION",a.k.a.,strong,49723,,BANK OF RUSSIA,a.k.a.,strong,,,,,,,47734,Moscow,,Russia
400,32028,,ANHUI GREATWALL MILITARY INDUSTRY COMPANY LIMITED,Entity,CMIC-EO13959,50234,,"ANHUI GREAT WALL MILITARY INDUSTRY CO., LTD",a.k.a.,strong,50236,,"ANHUI GREATWALL MILITARY INDUSTRY CO., LTD.",a.k.a.,strong,,,,,,,48202,Hefei,,China
401,32052,,AVIC XI'AN AIRCRAFT INDUSTRY GROUP COMPANY LTD.,Entity,CMIC-EO13959,50272,,AVIC XIAN AIRCRAFT INDUSTRY GROUP CO LTD,a.k.a.,strong,50273,,XI'AN AIRCRAFT INDUSTRY GROUP CO LTD,a.k.a.,strong,,,,,,,48244,Xi'an,Shaanxi,China
402,32053,,AVIC HEAVY MACHINERY COMPANY LIMITED,Entity,CMIC-EO13959,50277,,"AVIC HEAVY MACHINERY CO., LTD.",a.k.a.,strong,50278,,"GUIZHOU LIYUAN HYDRAULIC CO., LTD.",f.k.a.,strong,,,,,,,48247,Guiyang,Guizhou,China
403,32055,,"AVIC JONHON OPTRONIC TECHNOLOGY CO., LTD.",Entity,CMIC-EO13959,50298,,JONHON,a.k.a.,strong,,,,,,,,,,,,48255,Luoyang,Henan,China
404,32056,,AVIC SHENYANG AIRCRAFT COMPANY LIMITED,Entity,CMIC-EO13959,50301,,SHENYANG AIRCRAFT CO. LTD.,a.k.a.,strong,50302,,"DONGAN HEIBAO CO., LTD.",f.k.a.,strong,,,,,,,48259,Shenyang,,China
405,32069,,"CHINA SATELLITE COMMUNICATIONS CO., LTD.",Entity,CMIC-EO13959,50321,,CHINA SATCOM,a.k.a.,strong,,,,,,,,,,,,48279,Beijing,,China
406,32072,,CHINA COMMUNICATIONS CONSTRUCTION GROUP (LIMITED),Entity,CMIC-EO13959,50330,,CHINA COMMUNICATIONS CONSTRUCTION GROUP (LTD),a.k.a.,strong,50332,,CHINA COMMUNICATIONS GROUP CO. LTD,a.k.a.,strong,,,,,,,48286,Beijing,,China
407,32073,,AEROSPACE COMMUNICATIONS HOLDINGS GROUP COMPANY LIMITED,Entity,CMIC-EO13959,50336,,"AEROSPACE COMMUNICATIONS HOLDINGS CO., LTD.",a.k.a.,strong,50337,,AEROCOM,a.k.a.,strong,,,,,,,48293,Hangzhou,,China
408,32077,,"FUJIAN TORCH ELECTRON TECHNOLOGY CO., LTD.",Entity,CMIC-EO13959,50348,,TORCH ELECTRON,a.k.a.,strong,,,,,,,,,,,,48298,Quanzhou,,China
409,32078,,"INNER MONGOLIA FIRST MACHINERY GROUP CO., LTD.",Entity,CMIC-EO13959,50350,,FIRMACO,a.k.a.,strong,50351,,BAOTOU BEIFANG CHUANGYE COMPANY LIMITED,f.k.a.,strong,,,,,,,48303,Baotou,,China
410,32079,,CSSC OFFSHORE & MARINE ENGINEERING (GROUP) COMPANY LIMITED,Entity,CMIC-EO13959,50353,,COMEC,a.k.a.,strong,50354,,GUANGZHOU SHIPYARD INTERNATIONAL COMPANY LIMITED,f.k.a.,strong,,,,,,,48305,Guangzhou,,China
411,32082,,AVIC AVIATION HIGH-TECHNOLOGY COMPANY LIMITED,Entity,CMIC-EO13959,50358,,"AVIC AVIATION HIGH-TECHNOLOGY CO., LTD.",a.k.a.,strong,50359,,AVIC HI-TECH,a.k.a.,strong,,,,,,,48313,Nantong,,China
412,32084,,"AEROSPACE CH UAV CO., LTD",Entity,CMIC-EO13959,50364,,ZHEJIANG NANYANG TECHNOLOGY COMPANY LIMITED,f.k.a.,strong,,,,,,,,,,,,48316,Taizhou,,China
413,32085,,"CHINA AEROSPACE TIMES ELECTRONICS CO., LTD",Entity,CMIC-EO13959,50366,,CATEC,a.k.a.,weak,50368,,LONG MARCH LAUNCH VEHICLE TECHNOLOGY COMPANY LIMITED,f.k.a.,strong,,,,,,,48318,Wuhan,,China
414,32087,,"HUAWEI INVESTMENT & HOLDING CO., LTD.",Entity,CMIC-EO13959,50372,,"HUAWEI INVESTMENT AND HOLDING CO., LTD.",a.k.a.,strong,,,,,,,,,,,,48323,Guangdong,Shenzhen,China
415,32088,,"JIANGXI HONGDU AVIATION INDUSTRY CO., LTD.",Entity,CMIC-EO13959,50374,,HDAA,a.k.a.,weak,,,,,,,,,,,,48325,Nanchang,,China
416,32089,,PROVEN GLORY CAPITAL LIMITED,Entity,CMIC-EO13959,50376,,PROVEN GLORY,a.k.a.,strong,,,,,,,,,,,,48328,Road Town,,"Virgin Islands, British"
417,32090,,CHINA AVIONICS SYSTEMS COMPANY LIMITED,Entity,CMIC-EO13959,50378,,"CHINA AVIONICS SYSTEMS CO., LTD",a.k.a.,strong,50379,,AVIC AVIONICS,a.k.a.,strong,,,,,,,48331,Beijing,,China
418,32091,,PROVEN HONOUR CAPITAL LIMITED,Entity,CMIC-EO13959,50383,,PROVEN HONOUR CAPITAL LTD,a.k.a.,strong,50384,,PROVEN HONOUR,a.k.a.,strong,,,,,,,48332,Road Town,,"Virgin Islands, British"
419,32100,,CHINA SHIPBUILDING INDUSTRY COMPANY LIMITED,Entity,CMIC-EO13959,50411,,CHINA SHIPBUILDING INDUSTRY CO LTD,a.k.a.,strong,50412,,CSICL,a.k.a.,weak,,,,,,,48350,Beijing,,China
420,32101,,"GUIZHOU SPACE APPLIANCE CO., LTD",Entity,CMIC-EO13959,50415,,SACO,a.k.a.,weak,,,,,,,,,,,,48352,Guiyang,,China
421,32102,,CHANGSHA JINGJIA MICROELECTRONICS COMPANY LIMITED,Entity,CMIC-EO13959,50417,,"CHANGSHA JINGJIA MICROELECTRONICS CO., LTD",a.k.a.,strong,50418,,JINGJIA MICRO,a.k.a.,strong,,,,,,,48354,Changsha,,China
422,32103,,CHINA MARINE INFORMATION ELECTRONICS COMPANY LIMITED,Entity,CMIC-EO13959,50420,,CHINA MARINE INFORMATION ELECTRONICS CO LTD,a.k.a.,strong,50421,,"CHINA SHIPBUILDING INDUSTRY GROUP MARINE DEFENSE AND INFORMATION CONFRONTATION CO., LTD.",f.k.a.,strong,,,,,,,48357,Beijing,,China
423,32106,,CHINA SHIPBUILDING INDUSTRY GROUP POWER COMPANY LIMITED,Entity,CMIC-EO13959,50427,,CHINA SHIPBUILDING INDUSTRY GROUP POWER CO LTD,a.k.a.,strong,50428,,CHINA SHIPBUILDING INDUSTRY GROUP POWER,a.k.a.,strong,,,,,,,48362,Beijing,,China
424,32107,,"COSTAR GROUP CO., LTD.",Entity,CMIC-EO13959,50433,,COSTAR GROUP CO,a.k.a.,strong,50434,,"LIDA OPTICAL & ELECTRONIC CO., LTD.",f.k.a.,strong,,,,,,,48364,Nanyang,,China
425,32128,,NANJING PANDA ELECTRONICS COMPANY LIMITED,Entity,CMIC-EO13959,50482,,NANJING PANDA ELECTRONIC CO. LTD.,a.k.a.,strong,50483,,NANJING PANDA ELECTR. CO. LTD.,a.k.a.,strong,,,,,,,48422,Nanjing,,China
426,32129,,AEROSUN CORPORATION,Entity,CMIC-EO13959,50497,,AEROSUN CORP.,a.k.a.,strong,50498,,AEROSUN,a.k.a.,strong,,,,,,,48434,Nanjing,,China
427,32130,,"NORTH NAVIGATION CONTROL TECHNOLOGY CO., LTD.",Entity,CMIC-EO13959,50500,,"BEIJING NORTH PHENIX INTELLIGENCE TECHNOLOGY CO., LTD.",f.k.a.,strong,50501,,"CHINA NORTH OPTICAL-ELECTRICAL TECHNOLOGY CO., LTD.",f.k.a.,strong,,,,,,,48436,Beijing,,China
428,32131,,SHAANXI ZHONGTIAN ROCKET TECHNOLOGY COMPANY LIMITED,Entity,CMIC-EO13959,50503,,"SHAANXI ZHONGTIAN ROCKET TECHNOLOGY CO., LTD",a.k.a.,strong,,,,,,,,,,,,48438,Xi'an,,China
429,32153,,ZHONGHANG ELECTRONIC MEASURING INSTRUMENTS COMPANY LIMITED,Entity,CMIC-EO13959,50519,,"ZHONGHANG ELECTRONIC MEASURING INSTRUMENTS CO., LTD",a.k.a.,strong,50521,,ZEMIC,a.k.a.,strong,,,,,,,48453,Xi'an,,China
430,33091,,MEGVII TECHNOLOGY LIMITED,Entity,CMIC-EO13959,,,,,,,,,,,,,,,,,49762,Grand Cayman,,Cayman Islands
431,33111,,"SZ DJI TECHNOLOGY CO., LTD.",Entity,CMIC-EO13959,,,,,,,,,,,,,,,,,49782,Shenzhen,Guangdong,China
432,33112,,"CLOUDWALK TECHNOLOGY CO., LTD.",Entity,CMIC-EO13959,52091,,CLOUDWALK,a.k.a.,weak,,,,,,,,,,,,49784,Guangzhou,Guangdong,China
433,33113,,"DAWNING INFORMATION INDUSTRY CO., LTD",Entity,CMIC-EO13959,52093,,SUGON,a.k.a.,weak,,,,,,,,,,,,49787,Beijing,,China
434,33114,,SENSETIME GROUP LIMITED,Entity,CMIC-EO13959,52095,,SENSETIME GROUP LTD,a.k.a.,strong,,,,,,,,,,,,49789,Hong Kong New Territories,Hong Kong SAR,China
435,33893,,YITU LIMITED,Entity,CMIC-EO13959,,,,,,,,,,,,,,,,,50764,Grand Cayman,,Cayman Islands
436,33894,,LEON TECHNOLOGY COMPANY LIMITED,Entity,CMIC-EO13959,53113,,"LEON TECHNOLOGY CO., LTD.",a.k.a.,strong,53114,,LEON TECHNOLOGY,a.k.a.,weak,,,,,,,50766,Urumqi,,China
437,33895,,NETPOSA TECHNOLOGIES LIMITED,Entity,CMIC-EO13959,53116,,"NETPOSA TECHNOLOGIES, LTD.",a.k.a.,strong,53117,,NETPOSA,a.k.a.,strong,,,,,,,50768,Beijing,,China
438,33896,,"XIAMEN MEIYA PICO INFORMATION CO., LTD.",Entity,CMIC-EO13959,,,,,,,,,,,,,,,,,50771,Xiamen,,China
439,34556,,PUBLIC JOINT STOCK COMPANY ROSTELECOM,Entity,RUSSIA-EO14024,54107,,ROSTELEKOM PJSC,a.k.a.,strong,54108,,PJSC ROSTELECOM,a.k.a.,strong,,,,,,,51785,Moscow,,Russia
440,34578,,PUBLIC JOINT STOCK COMPANY RUSHYDRO,Entity,RUSSIA-EO14024,54302,,PUBLIC JOINT-STOCK COMPANY FEDERAL HYDRO-GENERATING COMPANY - RUSHYDRO,a.k.a.,strong,54303,,FEDERAL HYDRO-GENERATING COMPANY RUSHYDRO PAO,a.k.a.,strong,,,,,,,51904,Kedrovyy,,Russia
441,34736,,OPEN JOINT STOCK COMPANY RUSSIAN RAILWAYS,Entity,RUSSIA-EO14024,54467,,JSC RUSSIAN RAILWAYS,a.k.a.,strong,54468,,RUSSIAN RAILWAYS JSC,a.k.a.,strong,,,,,,,52044,Moscow,,Russia
442,46072,,MYANMA OIL AND GAS ENTERPRISE,Entity,BURMA-EO14014,71179,,MOGE,a.k.a.,weak,71180,,M.O.G.E.,a.k.a.,weak,,,,,,,68654,Nay Pyi Taw,Naypyidaw Union Territory,Burma
